--liquibase formatted sql

DELETE from write_off_act_reason;
DELETE from write_off_act;
DELETE from waypoint;
DELETE from items_in_warehouse;
DELETE from items_in_application;
DELETE from item;
DELETE from application;
DELETE from waybill;
DELETE from category;
DELETE from car;
DELETE from category;
DELETE from retailer;
DELETE from route;
DELETE from user;
DELETE from warehouse;
DELETE from address;
DELETE from customer;
DELETE from tax;
INSERT INTO customer (id, name, registration_date, active, deleted_at) VALUES (1, 'SYSTEM COMPANY', '2021-12-01', true, null);
INSERT INTO customer (id, name, registration_date, active, deleted_at) VALUES (65, 'Google', '2020-12-11', false, null);
INSERT INTO address (id, city, address_line_1, address_line_2, state_id, latitude, longitude) VALUES (104, 'Austin', 'W Maple St', '42', 46, null, null);
INSERT INTO address (id, city, address_line_1, address_line_2, state_id, latitude, longitude) VALUES (105, 'Austin', 'N Bogardus Rd', '585', 46, null, null);
INSERT INTO address (id, city, address_line_1, address_line_2, state_id, latitude, longitude) VALUES (106, 'Austin', 'Red Oak Way', '60', 46, null, null);
INSERT INTO address (id, city, address_line_1, address_line_2, state_id, latitude, longitude) VALUES (107, 'Austin', 'Mann Ave', '98', 46, null, null);
INSERT INTO address (id, city, address_line_1, address_line_2, state_id, latitude, longitude) VALUES (108, 'Austin', ' Bond St', '107', 46, null, null);
INSERT INTO address (id, city, address_line_1, address_line_2, state_id, latitude, longitude) VALUES (109, 'Austin', 'W Maple St', '42', 46, null, null);
INSERT INTO address (id, city, address_line_1, address_line_2, state_id, latitude, longitude) VALUES (110, 'Austin', 'E Booe Rd', '95', 46, null, null);
INSERT INTO address (id, city, address_line_1, address_line_2, state_id, latitude, longitude) VALUES (111, 'Austin', 'Mann Ave', '98', 46, null, null);
INSERT INTO address (id, city, address_line_1, address_line_2, state_id, latitude, longitude) VALUES (112, 'Austin', 'Harvey Ln', '1173', 46, 30.448912, -97.801554);
INSERT INTO address (id, city, address_line_1, address_line_2, state_id, latitude, longitude) VALUES (113, 'Austin', 'Bond St', '1075', 46, 30.2258947, -97.74040169999999);
INSERT INTO address (id, city, address_line_1, address_line_2, state_id, latitude, longitude) VALUES (114, 'Austin', 'Red Oak Way', '60', 46, null, null);
INSERT INTO address (id, city, address_line_1, address_line_2, state_id, latitude, longitude) VALUES (115, 'Austin', 'N Bogardus Rd', '5859', 46, 30.267153, -97.7430608);
INSERT INTO address (id, city, address_line_1, address_line_2, state_id, latitude, longitude) VALUES (116, 'Austin', '10th Ave SW', '2309', 46, 30.2834733, -97.7710859);
INSERT INTO address (id, city, address_line_1, address_line_2, state_id, latitude, longitude) VALUES (117, 'Austin', 'Douglas St #APT 9203', '2347', 46, 30.2269193, -97.73351699999999);
INSERT INTO address (id, city, address_line_1, address_line_2, state_id, latitude, longitude) VALUES (118, 'Austin', '16th Ave SW', '2402', 46, 30.2777901, -97.7136465);
INSERT INTO address (id, city, address_line_1, address_line_2, state_id, latitude, longitude) VALUES (119, 'Austin', 'Ramp Rd', '225', 46, null, null);
INSERT INTO address (id, city, address_line_1, address_line_2, state_id, latitude, longitude) VALUES (120, 'Austin', 'Govalle Ave', '3101', 46, 30.266105, -97.703571);
INSERT INTO address (id, city, address_line_1, address_line_2, state_id, latitude, longitude) VALUES (121, 'Austin', 'Brookwood Cir', '11915', 46, 30.44143, -97.789429);
INSERT INTO address (id, city, address_line_1, address_line_2, state_id, latitude, longitude) VALUES (122, 'Austin', 'Hyridge', '18', 46, 30.383518, -97.757222);
INSERT INTO retailer (id, full_name, identifier, active, deleted_at, customer_id) VALUES (101, 'Retailer corp1', 'R-1', 1, null, 65);
INSERT INTO retailer (id, full_name, identifier, active, deleted_at, customer_id) VALUES (102, 'Retailer corp2', 'R-2', 1, null, 65);
INSERT INTO retailer (id, full_name, identifier, active, deleted_at, customer_id) VALUES (103, 'Retailer corp3', 'R-3', 1, null, 65);
INSERT INTO warehouse (id, identifier, type, total_capacity, customer_id, address_id, deleted_at, retailer_id) VALUES (21, 'W-1', 'WAREHOUSE', 1500000, 65, 112, null, null);
INSERT INTO warehouse (id, identifier, type, total_capacity, customer_id, address_id, deleted_at, retailer_id) VALUES (22, 'W-2', 'WAREHOUSE', 3800000, 65, 113, null, null);
INSERT INTO warehouse (id, identifier, type, total_capacity, customer_id, address_id, deleted_at, retailer_id) VALUES (23, 'W-3', 'WAREHOUSE', 1950990, 65, 115, null, null);
INSERT INTO warehouse (id, identifier, type, total_capacity, customer_id, address_id, deleted_at, retailer_id) VALUES (24, 'F-1', 'FACTORY', 854632, 65, 116, null, null);
INSERT INTO warehouse (id, identifier, type, total_capacity, customer_id, address_id, deleted_at, retailer_id) VALUES (25, 'F-2', 'FACTORY', 200000, 65, 117, null, null);
INSERT INTO warehouse (id, identifier, type, total_capacity, customer_id, address_id, deleted_at, retailer_id) VALUES (26, 'F-3', 'FACTORY', 987000, 65, 118, null, null);
INSERT INTO warehouse (id, identifier, type, total_capacity, customer_id, address_id, deleted_at, retailer_id) VALUES (27, 'R-1', 'RETAILER', 1478522, 65, 120, null, 101);
INSERT INTO warehouse (id, identifier, type, total_capacity, customer_id, address_id, deleted_at, retailer_id) VALUES (28, 'R-2', 'RETAILER', 7851252, 65, 121, null, 102);
INSERT INTO warehouse (id, identifier, type, total_capacity, customer_id, address_id, deleted_at, retailer_id) VALUES (29, 'R-3', 'RETAILER', 85685, 65, 122, null, 103);
INSERT INTO user (id, name, surname, birthday, username, password, email, role, address_id, customer_id, warehouse_id, active, deleted_at) VALUES (66, 'Lewis', 'Hamilton', '1985-01-07', 'Lewis', '$2a$10$EpyybZabF5N7YfgTS5J8Y.tHK4eF4bRa9Xpf1D0FLD0CZ9AFaNWTG', 'system_admin@gmail.com', 'ROLE_SYSTEM_ADMIN', null, 1, null, 1, null);
INSERT INTO user (id, name, surname, birthday, username, password, email, role, address_id, customer_id, warehouse_id, active, deleted_at) VALUES (67, 'Name', 'Surname', null, null, '$2a$10$EpyybZabF5N7YfgTS5J8Y.tHK4eF4bRa9Xpf1D0FLD0CZ9AFaNWTG', 'zazybo1.17@gmail.com', 'ROLE_ADMIN', null, 65, null, 1, null);
INSERT INTO user (id, name, surname, birthday, username, password, email, role, address_id, customer_id, warehouse_id, active, deleted_at) VALUES (68, 'Totto', 'Wolff', '1972-01-12', 'Totto', '$2a$10$EpyybZabF5N7YfgTS5J8Y.tHK4eF4bRa9Xpf1D0FLD0CZ9AFaNWTG', 'logist@gmail.com', 'ROLE_LOGISTICS_SPECIALIST', 104, 65, null, 1, null);
INSERT INTO user (id, name, surname, birthday, username, password, email, role, address_id, customer_id, warehouse_id, active, deleted_at) VALUES (69, 'Sebastian', 'Vettel', '1987-06-03', 'Sebastian', '$2a$10$EpyybZabF5N7YfgTS5J8Y.tHK4eF4bRa9Xpf1D0FLD0CZ9AFaNWTG', 'dispatcher@gmail.com', 'ROLE_DISPATCHER', 105, 65, 21, 1, null);
INSERT INTO user (id, name, surname, birthday, username, password, email, role, address_id, customer_id, warehouse_id, active, deleted_at) VALUES (70, 'Felipe', 'Massa', '1981-04-25', 'Felipe', '$2a$10$EpyybZabF5N7YfgTS5J8Y.tHK4eF4bRa9Xpf1D0FLD0CZ9AFaNWTG', 'driver@gmail.com', 'ROLE_DRIVER', 106, 65, null, 1, null);
INSERT INTO user (id, name, surname, birthday, username, password, email, role, address_id, customer_id, warehouse_id, active, deleted_at) VALUES (71, 'Kimi', 'Raikkonen', '1979-10-17', 'Kimi', '$2a$10$EpyybZabF5N7YfgTS5J8Y.tHK4eF4bRa9Xpf1D0FLD0CZ9AFaNWTG', 'driver_kimi@gmail.com', 'ROLE_DRIVER', 107, 65, null, 1, null);
INSERT INTO user (id, name, surname, birthday, username, password, email, role, address_id, customer_id, warehouse_id, active, deleted_at) VALUES (72, 'Christian', 'Horner', '1973-11-16', 'Edward ', '$2a$10$EpyybZabF5N7YfgTS5J8Y.tHK4eF4bRa9Xpf1D0FLD0CZ9AFaNWTG', 'logist_chris@gmail.com', 'ROLE_LOGISTICS_SPECIALIST', 108, 65, null, 1, null);
INSERT INTO user (id, name, surname, birthday, username, password, email, role, address_id, customer_id, warehouse_id, active, deleted_at) VALUES (73, 'Esteban', 'Ocon', '1996-09-17', 'Esteban', '$2a$10$EpyybZabF5N7YfgTS5J8Y.tHK4eF4bRa9Xpf1D0FLD0CZ9AFaNWTG', 'dispatcher_oko@gmail.com', 'ROLE_DISPATCHER', null, 65, 22, 1, null);
INSERT INTO user (id, name, surname, birthday, username, password, email, role, address_id, customer_id, warehouse_id, active, deleted_at) VALUES (74, 'Daniel', 'Ricciardo', '1989-07-01', 'Daniel', '$2a$10$EpyybZabF5N7YfgTS5J8Y.tHK4eF4bRa9Xpf1D0FLD0CZ9AFaNWTG', 'dispatcher-ric@gmail.com', 'ROLE_DISPATCHER', 114, 65, 23, 1, null);
INSERT INTO user (id, name, surname, birthday, username, password, email, role, address_id, customer_id, warehouse_id, active, deleted_at) VALUES (75, 'Valtteri', 'Bottas', '1989-08-28', 'Valtteri', '$2a$10$EpyybZabF5N7YfgTS5J8Y.tHK4eF4bRa9Xpf1D0FLD0CZ9AFaNWTG', 'director@gmail.com', 'ROLE_DIRECTOR', 119, 65, null, 1, null);
INSERT INTO car (id, number, total_capacity, current_capacity, customer_id, address_id, deleted_at, is_on_the_way) VALUES (101, '1510ZA', 150000, 150000, 65, 120, null, false);
INSERT INTO car (id, number, total_capacity, current_capacity, customer_id, address_id, deleted_at, is_on_the_way) VALUES (102, '9019AZ', 200000, 200000, 65, 110, null, false);
INSERT INTO car (id, number, total_capacity, current_capacity, customer_id, address_id, deleted_at, is_on_the_way) VALUES (103, '1555IA', 550000, 550000, 65, 111, null, false);
INSERT INTO route (id) VALUES (1);
INSERT INTO waybill (id, number, registration_date, last_updated, waybill_status, source_location_warehouse_id, created_by_users_id, last_updated_by_users_id, car_id, car_driver_id, customer_id, route_id, delivery_start) VALUES (21, 'WB-1', '2020-12-11', '2020-12-11', 'FINISHED', 21, 68, 68, 101, 70, 65, 1, '2020-12-11 22:45:37');
INSERT INTO application (id, number, registration_date, last_updated, source_location_warehouse_id, destination_location_warehouse_id, created_by_users_id, last_updated_by_users_id, application_status, waybill_id, deleted_at, customer_id, type) VALUES (101, 'SUP-1', '2020-12-11', '2020-12-12', 24, 21, 69, 69, 'FINISHED_PROCESSING', null, null, 65, 'SUPPLY');
INSERT INTO application (id, number, registration_date, last_updated, source_location_warehouse_id, destination_location_warehouse_id, created_by_users_id, last_updated_by_users_id, application_status, waybill_id, deleted_at, customer_id, type) VALUES (102, 'SUP-2', '2020-12-11', '2020-12-12', 25, 22, 69, 69, 'FINISHED_PROCESSING', null, null, 65, 'SUPPLY');
INSERT INTO application (id, number, registration_date, last_updated, source_location_warehouse_id, destination_location_warehouse_id, created_by_users_id, last_updated_by_users_id, application_status, waybill_id, deleted_at, customer_id, type) VALUES (103, 'SUP-3', '2020-12-11', '2020-12-11', 24, 21, 69, 69, 'FINISHED_PROCESSING', null, null, 65, 'SUPPLY');
INSERT INTO application (id, number, registration_date, last_updated, source_location_warehouse_id, destination_location_warehouse_id, created_by_users_id, last_updated_by_users_id, application_status, waybill_id, deleted_at, customer_id, type) VALUES (104, 'SUP-4', '2020-12-11', '2020-12-11', 26, 21, 69, 69, 'FINISHED_PROCESSING', null, null, 65, 'SUPPLY');
INSERT INTO application (id, number, registration_date, last_updated, source_location_warehouse_id, destination_location_warehouse_id, created_by_users_id, last_updated_by_users_id, application_status, waybill_id, deleted_at, customer_id, type) VALUES (105, 'SUP-5', '2020-12-11', '2020-12-11', 24, 21, 69, 69, 'OPEN', null, null, 65, 'SUPPLY');
INSERT INTO application (id, number, registration_date, last_updated, source_location_warehouse_id, destination_location_warehouse_id, created_by_users_id, last_updated_by_users_id, application_status, waybill_id, deleted_at, customer_id, type) VALUES (106, 'SUP-6', '2020-12-11', '2020-12-11', 25, 21, 69, 69, 'OPEN', null, null, 65, 'SUPPLY');
INSERT INTO application (id, number, registration_date, last_updated, source_location_warehouse_id, destination_location_warehouse_id, created_by_users_id, last_updated_by_users_id, application_status, waybill_id, deleted_at, customer_id, type) VALUES (107, 'SHIP-1', '2020-12-12', '2020-12-12', 21, 27, 69, 69, 'OPEN', 21, null, 65, 'TRAFFIC');
INSERT INTO application (id, number, registration_date, last_updated, source_location_warehouse_id, destination_location_warehouse_id, created_by_users_id, last_updated_by_users_id, application_status, waybill_id, deleted_at, customer_id, type) VALUES (108, 'SHIP-2', '2020-12-12', '2020-12-12', 21, 28, 69, 69, 'OPEN', 21, null, 65, 'TRAFFIC');
INSERT INTO application (id, number, registration_date, last_updated, source_location_warehouse_id, destination_location_warehouse_id, created_by_users_id, last_updated_by_users_id, application_status, waybill_id, deleted_at, customer_id, type) VALUES (109, 'SHIP-3', '2020-12-12', '2020-12-12', 21, 29, 69, 69, 'OPEN', 21, null, 65, 'TRAFFIC');
INSERT INTO category (id, category, tax_rate, deleted_at, customer_id) VALUES (21, 'Bread', 0.001, null, 65);
INSERT INTO category (id, category, tax_rate, deleted_at, customer_id) VALUES (22, 'Milk', 0.003, null, 65);
INSERT INTO category (id, category, tax_rate, deleted_at, customer_id) VALUES (23, 'Sugar', 0.001, null, 65);
INSERT INTO category (id, category, tax_rate, deleted_at, customer_id) VALUES (24, 'Chocolate', 0.007, null, 65);
INSERT INTO category (id, category, tax_rate, deleted_at, customer_id) VALUES (25, 'Nuts', 0.001, null, 65);
INSERT INTO category (id, category, tax_rate, deleted_at, customer_id) VALUES (26, 'Сoffee', 0.003, null, 65);
INSERT INTO category (id, category, tax_rate, deleted_at, customer_id) VALUES (27, 'Water', 0.002, null, 65);
INSERT INTO category (id, category, tax_rate, deleted_at, customer_id) VALUES (28, 'Wine', 0.007, null, 65);
INSERT INTO category (id, category, tax_rate, deleted_at, customer_id) VALUES (29, 'Flour', 0.004, null, 65);
INSERT INTO category (id, category, tax_rate, deleted_at, customer_id) VALUES (30, 'Oil', 0.004, null, 65);
INSERT INTO category (id, category, tax_rate, deleted_at, customer_id) VALUES (31, 'Tea', 0.003, null, 65);
INSERT INTO category (id, category, tax_rate, deleted_at, customer_id) VALUES (32, 'Fish', 0.007, null, 65);
INSERT INTO item (id, upc, label, units, category_id, deleted_at, customer_id) VALUES (101, '111321', 'Coconut milk', 10, 22, null, 65);
INSERT INTO item (id, upc, label, units, category_id, deleted_at, customer_id) VALUES (102, '222321', 'Almond milk', 10, 22, null, 65);
INSERT INTO item (id, upc, label, units, category_id, deleted_at, customer_id) VALUES (103, '333321', 'Organic milk', 11, 22, null, 65);
INSERT INTO item (id, upc, label, units, category_id, deleted_at, customer_id) VALUES (104, '444321', 'Brown sugar', 14, 23, null, 65);
INSERT INTO item (id, upc, label, units, category_id, deleted_at, customer_id) VALUES (105, '555321', 'Beet sugar', 14, 23, null, 65);
INSERT INTO item (id, upc, label, units, category_id, deleted_at, customer_id) VALUES (106, '666321', 'Сane sugar', 15, 23, null, 65);
INSERT INTO item (id, upc, label, units, category_id, deleted_at, customer_id) VALUES (107, '777321', 'Сarrot bread', 20, 21, null, 65);
INSERT INTO item (id, upc, label, units, category_id, deleted_at, customer_id) VALUES (108, '888321', 'Whole wheat bread', 19, 21, null, 65);
INSERT INTO item (id, upc, label, units, category_id, deleted_at, customer_id) VALUES (109, '123321', 'Bread with cereals', 21, 21, null, 65);
INSERT INTO item (id, upc, label, units, category_id, deleted_at, customer_id) VALUES (110, '147321', 'Milk chocolate Ritter', 9, 24, null, 65);
INSERT INTO item (id, upc, label, units, category_id, deleted_at, customer_id) VALUES (111, '789456', 'Bitter chocolate', 9, 24, null, 65);
INSERT INTO item (id, upc, label, units, category_id, deleted_at, customer_id) VALUES (112, '85296', 'Chocolate with coconut', 10, 24, null, 65);
INSERT INTO items_in_application (id, amount, cost, application_id, item_id, accepted_at) VALUES (101, 300, 1.70, 101, 101, '2020-12-11');
INSERT INTO items_in_application (id, amount, cost, application_id, item_id, accepted_at) VALUES (102, 450, 2.10, 101, 103, '2020-12-11');
INSERT INTO items_in_application (id, amount, cost, application_id, item_id, accepted_at) VALUES (104, 500, 1.90, 101, 102, '2020-12-11');
INSERT INTO items_in_application (id, amount, cost, application_id, item_id, accepted_at) VALUES (105, 150, 1.70, 101, 106, '2020-12-11');
INSERT INTO items_in_application (id, amount, cost, application_id, item_id, accepted_at) VALUES (106, 700, 2.10, 102, 105, '2020-12-11');
INSERT INTO items_in_application (id, amount, cost, application_id, item_id, accepted_at) VALUES (107, 400, 1.70, 102, 102, '2020-12-11');
INSERT INTO items_in_application (id, amount, cost, application_id, item_id, accepted_at) VALUES (108, 150, 1.90, 102, 101, '2020-12-11');
INSERT INTO items_in_application (id, amount, cost, application_id, item_id, accepted_at) VALUES (109, 200, 1.80, 103, 103, '2020-12-11');
INSERT INTO items_in_application (id, amount, cost, application_id, item_id, accepted_at) VALUES (110, 180, 1.50, 103, 101, '2020-12-11');
INSERT INTO items_in_application (id, amount, cost, application_id, item_id, accepted_at) VALUES (111, 350, 2.50, 103, 105, '2020-12-11');
INSERT INTO items_in_application (id, amount, cost, application_id, item_id, accepted_at) VALUES (112, 800, 1.90, 104, 101, '2020-12-11');
INSERT INTO items_in_application (id, amount, cost, application_id, item_id, accepted_at) VALUES (113, 405, 1.10, 104, 108, '2020-12-11');
INSERT INTO items_in_application (id, amount, cost, application_id, item_id, accepted_at) VALUES (114, 800, 1.30, 104, 105, '2020-12-11');
INSERT INTO items_in_application (id, amount, cost, application_id, item_id, accepted_at) VALUES (115, 500, 2.10, 105, 106, null);
INSERT INTO items_in_application (id, amount, cost, application_id, item_id, accepted_at) VALUES (116, 350, 1.70, 105, 108, null);
INSERT INTO items_in_application (id, amount, cost, application_id, item_id, accepted_at) VALUES (117, 175, 0.90, 105, 103, null);
INSERT INTO items_in_application (id, amount, cost, application_id, item_id, accepted_at) VALUES (118, 150, 1.10, 105, 107, null);
INSERT INTO items_in_application (id, amount, cost, application_id, item_id, accepted_at) VALUES (119, 150, 1.70, 106, 101, null);
INSERT INTO items_in_application (id, amount, cost, application_id, item_id, accepted_at) VALUES (120, 850, 2.10, 106, 110, null);
INSERT INTO items_in_application (id, amount, cost, application_id, item_id, accepted_at) VALUES (121, 750, 1.20, 106, 111, null);
INSERT INTO items_in_application (id, amount, cost, application_id, item_id, accepted_at) VALUES (122, 170, 1.70, 101, 105, '2020-12-11');
INSERT INTO items_in_application (id, amount, cost, application_id, item_id, accepted_at) VALUES (123, 18, 2.11, 107, 105, null);
INSERT INTO items_in_application (id, amount, cost, application_id, item_id, accepted_at) VALUES (127, 25, 2.89, 107, 101, null);
INSERT INTO items_in_application (id, amount, cost, application_id, item_id, accepted_at) VALUES (128, 15, 2.89, 107, 102, null);
INSERT INTO items_in_application (id, amount, cost, application_id, item_id, accepted_at) VALUES (129, 19, 3.10, 107, 103, null);
INSERT INTO items_in_application (id, amount, cost, application_id, item_id, accepted_at) VALUES (130, 70, 6.40, 108, 103, null);
INSERT INTO items_in_application (id, amount, cost, application_id, item_id, accepted_at) VALUES (131, 35, 6.18, 108, 102, null);
INSERT INTO items_in_application (id, amount, cost, application_id, item_id, accepted_at) VALUES (132, 100, 6.18, 108, 101, null);
INSERT INTO items_in_application (id, amount, cost, application_id, item_id, accepted_at) VALUES (134, 15, 2.04, 109, 101, null);
INSERT INTO items_in_application (id, amount, cost, application_id, item_id, accepted_at) VALUES (135, 20, 2.04, 109, 102, null);
INSERT INTO items_in_application (id, amount, cost, application_id, item_id, accepted_at) VALUES (136, 25, 2.26, 109, 103, null);
INSERT INTO items_in_warehouse (id, amount, item_id, warehouse_id, deleted_at, cost) VALUES (101, 1290, 101, 21, null, 1.90);
INSERT INTO items_in_warehouse (id, amount, item_id, warehouse_id, deleted_at, cost) VALUES (102, 1302, 105, 21, null, 2.50);
INSERT INTO items_in_warehouse (id, amount, item_id, warehouse_id, deleted_at, cost) VALUES (103, 536, 103, 21, null, 2.10);
INSERT INTO items_in_warehouse (id, amount, item_id, warehouse_id, deleted_at, cost) VALUES (104, 150, 106, 21, null, 1.70);
INSERT INTO items_in_warehouse (id, amount, item_id, warehouse_id, deleted_at, cost) VALUES (105, 830, 102, 21, null, 1.90);
INSERT INTO items_in_warehouse (id, amount, item_id, warehouse_id, deleted_at, cost) VALUES (106, 700, 105, 22, null, 2.10);
INSERT INTO items_in_warehouse (id, amount, item_id, warehouse_id, deleted_at, cost) VALUES (107, 405, 108, 21, null, 1.10);
INSERT INTO tax (id, amount, name, state_id, percentage) VALUES (1, 1, 'tax-1', 4, 8.9);
INSERT INTO tax (id, amount, name, state_id, percentage) VALUES (2, 1, 'tax-2', 5, 7.9);
INSERT INTO tax (id, amount, name, state_id, percentage) VALUES (3, 1, 'tax-3', 6, 4.8);
INSERT INTO tax (id, amount, name, state_id, percentage) VALUES (4, 1, 'tax-4', 7, 6.9);
INSERT INTO tax (id, amount, name, state_id, percentage) VALUES (5, 1, 'tax-5', 8, 7.9);
INSERT INTO tax (id, amount, name, state_id, percentage) VALUES (6, 1, 'tax-6', 9, 5.8);
INSERT INTO tax (id, amount, name, state_id, percentage) VALUES (7, 1, 'tax-7', 10, 7.4);
INSERT INTO tax (id, amount, name, state_id, percentage) VALUES (8, 1, 'tax-8', 11, 6.9);
INSERT INTO tax (id, amount, name, state_id, percentage) VALUES (9, 1, 'tax-9', 12, 5.7);
INSERT INTO tax (id, amount, name, state_id, percentage) VALUES (10, 1, 'tax-10', 13, 6.8);
INSERT INTO tax (id, amount, name, state_id, percentage) VALUES (11, 1, 'tax-11', 14, 7.5);
INSERT INTO tax (id, amount, name, state_id, percentage) VALUES (12, 1, 'tax-12', 15, 9.7);
INSERT INTO tax (id, amount, name, state_id, percentage) VALUES (13, 1, 'tax-13', 16, 8.6);
INSERT INTO tax (id, amount, name, state_id, percentage) VALUES (14, 1, 'tax-14', 17, 8.5);
INSERT INTO tax (id, amount, name, state_id, percentage) VALUES (15, 1, 'tax-15', 18, 7.4);
INSERT INTO tax (id, amount, name, state_id, percentage) VALUES (16, 1, 'tax-16', 19, 6.8);
INSERT INTO tax (id, amount, name, state_id, percentage) VALUES (17, 1, 'tax-17', 20, 6.9);
INSERT INTO tax (id, amount, name, state_id, percentage) VALUES (18, 1, 'tax-18', 21, 7.1);
INSERT INTO tax (id, amount, name, state_id, percentage) VALUES (19, 1, 'tax-19', 22, 7.4);
INSERT INTO tax (id, amount, name, state_id, percentage) VALUES (20, 1, 'tax-20', 23, 7.5);
INSERT INTO tax (id, amount, name, state_id, percentage) VALUES (21, 1, 'tax-21', 24, 7.6);
INSERT INTO tax (id, amount, name, state_id, percentage) VALUES (22, 1, 'tax-22', 25, 7.9);
INSERT INTO tax (id, amount, name, state_id, percentage) VALUES (23, 1, 'tax-23', 26, 7.5);
INSERT INTO tax (id, amount, name, state_id, percentage) VALUES (24, 1, 'tax-24', 27, 8.9);
INSERT INTO tax (id, amount, name, state_id, percentage) VALUES (25, 1, 'tax-25', 28, 8.4);
INSERT INTO tax (id, amount, name, state_id, percentage) VALUES (26, 1, 'tax-26', 29, 8.6);
INSERT INTO tax (id, amount, name, state_id, percentage) VALUES (27, 1, 'tax-27', 30, 8.3);
INSERT INTO tax (id, amount, name, state_id, percentage) VALUES (28, 1, 'tax-28', 31, 7.9);
INSERT INTO tax (id, amount, name, state_id, percentage) VALUES (29, 1, 'tax-29', 32, 7.8);
INSERT INTO tax (id, amount, name, state_id, percentage) VALUES (30, 1, 'tax-30', 33, 8.7);
INSERT INTO tax (id, amount, name, state_id, percentage) VALUES (31, 1, 'tax-31', 34, 9.7);
INSERT INTO tax (id, amount, name, state_id, percentage) VALUES (32, 1, 'tax-32', 35, 8.7);
INSERT INTO tax (id, amount, name, state_id, percentage) VALUES (33, 1, 'tax-33', 36, 9.7);
INSERT INTO tax (id, amount, name, state_id, percentage) VALUES (34, 1, 'tax-34', 37, 8.7);
INSERT INTO tax (id, amount, name, state_id, percentage) VALUES (35, 1, 'tax-35', 38, 6.9);
INSERT INTO tax (id, amount, name, state_id, percentage) VALUES (36, 1, 'tax-36', 39, 6.7);
INSERT INTO tax (id, amount, name, state_id, percentage) VALUES (37, 1, 'tax-37', 40, 8.4);
INSERT INTO tax (id, amount, name, state_id, percentage) VALUES (38, 1, 'tax-38', 41, 8.3);
INSERT INTO tax (id, amount, name, state_id, percentage) VALUES (39, 1, 'tax-39', 42, 9.1);
INSERT INTO tax (id, amount, name, state_id, percentage) VALUES (40, 1, 'tax-40', 43, 7.5);
INSERT INTO tax (id, amount, name, state_id, percentage) VALUES (41, 1, 'tax-41', 44, 7.6);
INSERT INTO tax (id, amount, name, state_id, percentage) VALUES (42, 1, 'tax-42', 45, 7.4);
INSERT INTO tax (id, amount, name, state_id, percentage) VALUES (51, 1, 'tax-43', 46, 7.5);
INSERT INTO tax (id, amount, name, state_id, percentage) VALUES (52, 1, 'tax-44', 47, 5.8);
INSERT INTO tax (id, amount, name, state_id, percentage) VALUES (53, 1, 'tax-45', 48, 9.8);
INSERT INTO tax (id, amount, name, state_id, percentage) VALUES (54, 1, 'tax-46', 49, 6.3);
INSERT INTO tax (id, amount, name, state_id, percentage) VALUES (55, 1, 'tax-47', 50, 7.4);
INSERT INTO tax (id, amount, name, state_id, percentage) VALUES (56, 1, 'tax-48', 51, 8.5);
INSERT INTO tax (id, amount, name, state_id, percentage) VALUES (57, 1, 'tax-49', 52, 7.5);
INSERT INTO tax (id, amount, name, state_id, percentage) VALUES (58, 1, 'tax-50', 53, 7.4);
INSERT INTO waypoint (id, is_visited, address_id, priority, route_id) VALUES (6, true, 121, 1, 1);
INSERT INTO waypoint (id, is_visited, address_id, priority, route_id) VALUES (7, true, 122, 2, 1);
INSERT INTO waypoint (id, is_visited, address_id, priority, route_id) VALUES (8, true, 120, 3, 1);
INSERT INTO waypoint (id, is_visited, address_id, priority, route_id) VALUES (9, false, 112, 0, 1);
