--liquibase formatted sql

DELETE from write_off_act;
DELETE from waypoint;
DELETE from items_in_warehouse;
DELETE from items_in_application;
DELETE from item;
DELETE from application;
DELETE from waybill;
DELETE from category;
DELETE from car;
DELETE from category;
DELETE from retailer;
DELETE from route;
DELETE from user;
DELETE from warehouse;
DELETE from address;
DELETE from customer;
DELETE from tax;

INSERT INTO customer (id, name, registration_date, active, deleted_at) VALUES (1, 'SYSTEM COMPANY', '2021-12-01', true, null);
INSERT INTO customer (id, name, registration_date, active, deleted_at) VALUES (65, 'Google', '2020-12-11', false, null);
INSERT INTO customer (id, name, registration_date, active, deleted_at) VALUES (66, 'Z-R-Corp', '2020-12-14', false, null);
INSERT INTO customer (id, name, registration_date, active, deleted_at) VALUES (67, 'Orange snowflake', '2020-12-14', true, null);
INSERT INTO customer (id, name, registration_date, active, deleted_at) VALUES (68, 'Tea cup', '2020-12-14', true, null);
INSERT INTO customer (id, name, registration_date, active, deleted_at) VALUES (69, 'Z-incorp.', '2020-12-14', false, null);
INSERT INTO customer (id, name, registration_date, active, deleted_at) VALUES (70, 'PLC-group', '2020-12-14', true, null);
INSERT INTO customer (id, name, registration_date, active, deleted_at) VALUES (71, 'Bitter chocolate', '2020-12-14', false, null);
INSERT INTO customer (id, name, registration_date, active, deleted_at) VALUES (72, 'Bun bakery', '2020-12-14', false, null);
INSERT INTO customer (id, name, registration_date, active, deleted_at) VALUES (73, 'LH-power group', '2020-12-14', true, null);
INSERT INTO customer (id, name, registration_date, active, deleted_at) VALUES (74, 'Hammer time', '2020-12-14', true, null);
INSERT INTO address (id, city, address_line_1, address_line_2, state_id, latitude, longitude) VALUES (104, 'Austin', 'W Maple St', '42', 46, null, null);
INSERT INTO address (id, city, address_line_1, address_line_2, state_id, latitude, longitude) VALUES (105, 'Austin', 'N Bogardus Rd', '585', 46, null, null);
INSERT INTO address (id, city, address_line_1, address_line_2, state_id, latitude, longitude) VALUES (106, 'Austin', 'Red Oak Way', '60', 46, null, null);
INSERT INTO address (id, city, address_line_1, address_line_2, state_id, latitude, longitude) VALUES (107, 'Austin', 'Mann Ave', '98', 46, null, null);
INSERT INTO address (id, city, address_line_1, address_line_2, state_id, latitude, longitude) VALUES (108, 'Austin', ' Bond St', '107', 46, null, null);
INSERT INTO address (id, city, address_line_1, address_line_2, state_id, latitude, longitude) VALUES (109, 'Austin', 'W Maple St', '42', 46, null, null);
INSERT INTO address (id, city, address_line_1, address_line_2, state_id, latitude, longitude) VALUES (110, 'Austin', 'E Booe Rd', '95', 46, null, null);
INSERT INTO address (id, city, address_line_1, address_line_2, state_id, latitude, longitude) VALUES (111, 'Austin', 'Mann Ave', '98', 46, null, null);
INSERT INTO address (id, city, address_line_1, address_line_2, state_id, latitude, longitude) VALUES (112, 'Austin', 'Harvey Ln', '1173', 46, 30.448912, -97.801554);
INSERT INTO address (id, city, address_line_1, address_line_2, state_id, latitude, longitude) VALUES (113, 'Austin', 'Bond St', '1075', 46, 30.2258947, -97.74040169999999);
INSERT INTO address (id, city, address_line_1, address_line_2, state_id, latitude, longitude) VALUES (114, 'Austin', 'Red Oak Way', '60', 46, null, null);
INSERT INTO address (id, city, address_line_1, address_line_2, state_id, latitude, longitude) VALUES (115, 'Austin', 'N Bogardus Rd', '5859', 46, 30.267153, -97.7430608);
INSERT INTO address (id, city, address_line_1, address_line_2, state_id, latitude, longitude) VALUES (116, 'Austin', '10th Ave SW', '2309', 46, 30.278192, -97.75864059999999);
INSERT INTO address (id, city, address_line_1, address_line_2, state_id, latitude, longitude) VALUES (117, 'Austin', 'Douglas St #APT 9203', '2347', 46, 30.2269193, -97.73351699999999);
INSERT INTO address (id, city, address_line_1, address_line_2, state_id, latitude, longitude) VALUES (118, 'Austin', '16th Ave SW', '2402', 46, 30.267153, -97.7430608);
INSERT INTO address (id, city, address_line_1, address_line_2, state_id, latitude, longitude) VALUES (119, 'Austin', 'Ramp Rd', '225', 46, null, null);
INSERT INTO address (id, city, address_line_1, address_line_2, state_id, latitude, longitude) VALUES (120, 'Austin', 'Govalle Ave', '3101', 46, 30.2661046, -97.7035713);
INSERT INTO address (id, city, address_line_1, address_line_2, state_id, latitude, longitude) VALUES (121, 'Austin', 'Brookwood Cir', '11915', 46, 30.4414301, -97.78942909999999);
INSERT INTO address (id, city, address_line_1, address_line_2, state_id, latitude, longitude) VALUES (122, 'Austin', 'Hyridge', '18', 46, 30.3789709, -97.7489524);
INSERT INTO address (id, city, address_line_1, address_line_2, state_id, latitude, longitude) VALUES (123, 'Austin', ' Clearock Dr', '9307', 46, null, null);
INSERT INTO address (id, city, address_line_1, address_line_2, state_id, latitude, longitude) VALUES (124, 'Austin', 'Dartmoor Dr', '907', 46, null, null);
INSERT INTO address (id, city, address_line_1, address_line_2, state_id, latitude, longitude) VALUES (125, 'Austin', 'Crossing Pl #913', '1300', 46, null, null);
INSERT INTO address (id, city, address_line_1, address_line_2, state_id, latitude, longitude) VALUES (126, 'Austin', ' E 290th Hwy', '9345', 46, null, null);
INSERT INTO address (id, city, address_line_1, address_line_2, state_id, latitude, longitude) VALUES (127, 'Austin', ' Clearock Dr', '9307', 46, null, null);
INSERT INTO address (id, city, address_line_1, address_line_2, state_id, latitude, longitude) VALUES (128, 'Austin', 'Brodie Ln #1817', '8700', 46, 30.1902458, -97.8454709);
INSERT INTO address (id, city, address_line_1, address_line_2, state_id, latitude, longitude) VALUES (129, 'Austin', 'Brodie Ln #1817', '8700', 46, 30.1902458, -97.8454709);
INSERT INTO address (id, city, address_line_1, address_line_2, state_id, latitude, longitude) VALUES (130, 'Austin', 'Copper Creek Dr #1112', '9815', 46, 30.4588012, -97.78636949999999);
INSERT INTO address (id, city, address_line_1, address_line_2, state_id, latitude, longitude) VALUES (131, 'Austin', 'Clearock Dr', '9307', 46, 30.4441487, -97.79594809999999);
INSERT INTO address (id, city, address_line_1, address_line_2, state_id, latitude, longitude) VALUES (132, 'Austin', 'E 290th Hwy', '9345', 46, 30.3213648, -97.69406629999999);
INSERT INTO address (id, city, address_line_1, address_line_2, state_id, latitude, longitude) VALUES (133, 'Austin', 'Larkwood Dr', '1414', 46, 30.3128207, -97.6985029);
INSERT INTO address (id, city, address_line_1, address_line_2, state_id, latitude, longitude) VALUES (134, 'Austin', 'Alamo St', '2007', 46, 30.2818949, -97.7194731);
INSERT INTO address (id, city, address_line_1, address_line_2, state_id, latitude, longitude) VALUES (135, 'Austin', 'Larkwood Dr', '1414', 46, 30.3128207, -97.6985029);
INSERT INTO address (id, city, address_line_1, address_line_2, state_id, latitude, longitude) VALUES (136, 'Austin', 'Cedar Bend Dr', '2000', 46, 30.409245, -97.6978879);
INSERT INTO address (id, city, address_line_1, address_line_2, state_id, latitude, longitude) VALUES (137, 'Austin', 'Olive Hill Dr', '14748', 46, 30.4876647, -97.7670103);
INSERT INTO address (id, city, address_line_1, address_line_2, state_id, latitude, longitude) VALUES (138, 'Austin', 'Dapplegrey Ln', '1407', 46, 30.4122117, -97.6828546);
INSERT INTO address (id, city, address_line_1, address_line_2, state_id, latitude, longitude) VALUES (139, 'Austin', 'W 39th St', '1918', 46, 30.3129271, -97.75501829999999);
INSERT INTO address (id, city, address_line_1, address_line_2, state_id, latitude, longitude) VALUES (140, 'Austin', 'Willow Creek Dr', '1903', 46, 30.2337439, -97.7278156);
INSERT INTO address (id, city, address_line_1, address_line_2, state_id, latitude, longitude) VALUES (141, 'Austin', 'Wideleaf Dr', '5805', 46, 30.2554406, -97.5766324);
INSERT INTO address (id, city, address_line_1, address_line_2, state_id, latitude, longitude) VALUES (142, 'Austin', 'Hart Ln', '7205', 46, 30.3564366, -97.7550529);
INSERT INTO address (id, city, address_line_1, address_line_2, state_id, latitude, longitude) VALUES (143, 'Austin', 'Chevy Chase Dr', '7585', 46, null, null);
INSERT INTO address (id, city, address_line_1, address_line_2, state_id, latitude, longitude) VALUES (144, 'Austin', 'Chuck Wagon Trl', '7206', 46, null, null);
INSERT INTO address (id, city, address_line_1, address_line_2, state_id, latitude, longitude) VALUES (145, 'Austin', 'Windrift Way', '7103', 46, null, null);
INSERT INTO address (id, city, address_line_1, address_line_2, state_id, latitude, longitude) VALUES (146, 'Austin', 'Crossing Pl #913', '1300', 46, null, null);
INSERT INTO address (id, city, address_line_1, address_line_2, state_id, latitude, longitude) VALUES (147, 'Austin', 'Clearock Dr', '9307', 46, null, null);
INSERT INTO address (id, city, address_line_1, address_line_2, state_id, latitude, longitude) VALUES (148, 'Austin', 'Northgate Blvd', '9024', 46, null, null);
INSERT INTO address (id, city, address_line_1, address_line_2, state_id, latitude, longitude) VALUES (149, 'Austin', 'Valburn Dr', '7903', 46, null, null);
INSERT INTO address (id, city, address_line_1, address_line_2, state_id, latitude, longitude) VALUES (150, 'Austin', 'Clearock Dr', '9307', 46, null, null);
INSERT INTO address (id, city, address_line_1, address_line_2, state_id, latitude, longitude) VALUES (151, 'Austin', 'N Fm 620', '8600', 46, null, null);
INSERT INTO address (id, city, address_line_1, address_line_2, state_id, latitude, longitude) VALUES (152, 'Austin', 'E 290th Hwy', '9345', 46, null, null);
INSERT INTO address (id, city, address_line_1, address_line_2, state_id, latitude, longitude) VALUES (153, 'Austin', 'Aftonshire Way #B', '2700', 46, 30.1799141, -97.8367018);
INSERT INTO address (id, city, address_line_1, address_line_2, state_id, latitude, longitude) VALUES (154, 'Austin', 'Brodie Ln #1817', '8700', 46, null, null);
INSERT INTO address (id, city, address_line_1, address_line_2, state_id, latitude, longitude) VALUES (155, 'Austin', 'S Lamar Blvd #D 203', '4604', 46, 30.24428249999999, -97.78167409999999);
INSERT INTO address (id, city, address_line_1, address_line_2, state_id, latitude, longitude) VALUES (156, 'Austin', 'Airport Blvd', '4411', 46, null, null);
INSERT INTO address (id, city, address_line_1, address_line_2, state_id, latitude, longitude) VALUES (157, 'Austin', 'Roundup Trl', '4801', 46, null, null);
INSERT INTO address (id, city, address_line_1, address_line_2, state_id, latitude, longitude) VALUES (158, 'Austin', ' E Oltorf St', '4900', 46, null, null);
INSERT INTO address (id, city, address_line_1, address_line_2, state_id, latitude, longitude) VALUES (159, 'Austin', 'Tupelo Dr', '6302', 46, null, null);
INSERT INTO address (id, city, address_line_1, address_line_2, state_id, latitude, longitude) VALUES (160, 'Austin', 'Wideleaf Dr', '5805', 46, null, null);
INSERT INTO address (id, city, address_line_1, address_line_2, state_id, latitude, longitude) VALUES (161, 'Austin', 'Convict Hill Rd', '5001', 46, null, null);
INSERT INTO retailer (id, full_name, identifier, active, deleted_at, customer_id) VALUES (101, 'Retailer corp1', 'R-1', 1, null, 65);
INSERT INTO retailer (id, full_name, identifier, active, deleted_at, customer_id) VALUES (102, 'Retailer corp2', 'R-2', 1, null, 65);
INSERT INTO retailer (id, full_name, identifier, active, deleted_at, customer_id) VALUES (103, 'Retailer corp3', 'R-3', 1, null, 65);
INSERT INTO retailer (id, full_name, identifier, active, deleted_at, customer_id) VALUES (105, 'Retailer incorp.', 'R-4', 1, null, 65);
INSERT INTO retailer (id, full_name, identifier, active, deleted_at, customer_id) VALUES (106, 'Retailer incorp. 1', 'R-7', null, null, 65);
INSERT INTO retailer (id, full_name, identifier, active, deleted_at, customer_id) VALUES (107, 'Retailer group', 'R-8', null, null, 65);
INSERT INTO retailer (id, full_name, identifier, active, deleted_at, customer_id) VALUES (108, 'Group retailer inc.', 'R-10', 1, null, 65);
INSERT INTO retailer (id, full_name, identifier, active, deleted_at, customer_id) VALUES (109, 'Inc. retailer group', 'R-11', 1, null, 65);
INSERT INTO retailer (id, full_name, identifier, active, deleted_at, customer_id) VALUES (110, 'Corp. retailer ', 'R-17', 1, null, 65);
INSERT INTO retailer (id, full_name, identifier, active, deleted_at, customer_id) VALUES (111, 'Brothers comp', 'R-18', 1, null, 65);
INSERT INTO retailer (id, full_name, identifier, active, deleted_at, customer_id) VALUES (112, 'IT-retailer-group', 'R-19', 1, null, 65);
INSERT INTO retailer (id, full_name, identifier, active, deleted_at, customer_id) VALUES (113, 'Product group', 'R-21', 1, null, 65);
INSERT INTO warehouse (id, identifier, type, total_capacity, customer_id, address_id, deleted_at, retailer_id) VALUES (21, 'W-1', 'WAREHOUSE', 1500000, 65, 112, null, null);
INSERT INTO warehouse (id, identifier, type, total_capacity, customer_id, address_id, deleted_at, retailer_id) VALUES (22, 'W-2', 'WAREHOUSE', 3800000, 65, 113, null, null);
INSERT INTO warehouse (id, identifier, type, total_capacity, customer_id, address_id, deleted_at, retailer_id) VALUES (23, 'W-3', 'WAREHOUSE', 1950990, 65, 115, null, null);
INSERT INTO warehouse (id, identifier, type, total_capacity, customer_id, address_id, deleted_at, retailer_id) VALUES (24, 'F-1', 'FACTORY', null, 65, 116, null, null);
INSERT INTO warehouse (id, identifier, type, total_capacity, customer_id, address_id, deleted_at, retailer_id) VALUES (25, 'F-2', 'FACTORY', null, 65, 117, null, null);
INSERT INTO warehouse (id, identifier, type, total_capacity, customer_id, address_id, deleted_at, retailer_id) VALUES (26, 'F-3', 'FACTORY', null, 65, 118, null, null);
INSERT INTO warehouse (id, identifier, type, total_capacity, customer_id, address_id, deleted_at, retailer_id) VALUES (27, 'WR-1', 'RETAILER', null, 65, 120, null, 101);
INSERT INTO warehouse (id, identifier, type, total_capacity, customer_id, address_id, deleted_at, retailer_id) VALUES (28, 'WR-2', 'RETAILER', null, 65, 121, null, 102);
INSERT INTO warehouse (id, identifier, type, total_capacity, customer_id, address_id, deleted_at, retailer_id) VALUES (29, 'WR-3', 'RETAILER', null, 65, 122, null, 103);
INSERT INTO warehouse (id, identifier, type, total_capacity, customer_id, address_id, deleted_at, retailer_id) VALUES (30, 'W-4', 'WAREHOUSE', 25000, 65, 128, null, null);
INSERT INTO warehouse (id, identifier, type, total_capacity, customer_id, address_id, deleted_at, retailer_id) VALUES (31, 'W-5', 'WAREHOUSE', 190000, 65, 129, null, null);
INSERT INTO warehouse (id, identifier, type, total_capacity, customer_id, address_id, deleted_at, retailer_id) VALUES (32, 'W-6', 'WAREHOUSE', 105000, 65, 130, null, null);
INSERT INTO warehouse (id, identifier, type, total_capacity, customer_id, address_id, deleted_at, retailer_id) VALUES (33, 'F-4', 'FACTORY', null, 65, 131, null, null);
INSERT INTO warehouse (id, identifier, type, total_capacity, customer_id, address_id, deleted_at, retailer_id) VALUES (34, 'F-5', 'FACTORY', null, 65, 132, null, null);
INSERT INTO warehouse (id, identifier, type, total_capacity, customer_id, address_id, deleted_at, retailer_id) VALUES (35, 'WR-4', 'RETAILER', null, 65, 133, null, 105);
INSERT INTO warehouse (id, identifier, type, total_capacity, customer_id, address_id, deleted_at, retailer_id) VALUES (36, 'WR-7', 'RETAILER', null, 65, 134, null, 106);
INSERT INTO warehouse (id, identifier, type, total_capacity, customer_id, address_id, deleted_at, retailer_id) VALUES (37, 'WR-8', 'RETAILER', null, 65, 135, null, 107);
INSERT INTO warehouse (id, identifier, type, total_capacity, customer_id, address_id, deleted_at, retailer_id) VALUES (38, 'WR-10', 'RETAILER', null, 65, 136, null, 108);
INSERT INTO warehouse (id, identifier, type, total_capacity, customer_id, address_id, deleted_at, retailer_id) VALUES (39, 'WR-11', 'RETAILER', null, 65, 137, null, 109);
INSERT INTO warehouse (id, identifier, type, total_capacity, customer_id, address_id, deleted_at, retailer_id) VALUES (40, 'RW-17-1', 'RETAILER', null, 65, 138, null, 110);
INSERT INTO warehouse (id, identifier, type, total_capacity, customer_id, address_id, deleted_at, retailer_id) VALUES (41, 'RW-17-2', 'RETAILER', null, 65, 139, null, 110);
INSERT INTO warehouse (id, identifier, type, total_capacity, customer_id, address_id, deleted_at, retailer_id) VALUES (42, 'WR-18', 'RETAILER', null, 65, 140, null, 111);
INSERT INTO warehouse (id, identifier, type, total_capacity, customer_id, address_id, deleted_at, retailer_id) VALUES (43, 'WR-19', 'RETAILER', null, 65, 141, null, 112);
INSERT INTO warehouse (id, identifier, type, total_capacity, customer_id, address_id, deleted_at, retailer_id) VALUES (44, 'WR-21', 'RETAILER', null, 65, 142, null, 113);
INSERT INTO warehouse (id, identifier, type, total_capacity, customer_id, address_id, deleted_at, retailer_id) VALUES (45, 'W-55', 'WAREHOUSE', 1008999, 65, 153, null, null);
INSERT INTO warehouse (id, identifier, type, total_capacity, customer_id, address_id, deleted_at, retailer_id) VALUES (46, 'W-51', 'WAREHOUSE', 1700000, 65, 155, null, null);
INSERT INTO user (id, name, surname, birthday, username, password, email, role, address_id, customer_id, warehouse_id, active, deleted_at) VALUES (66, 'Lewis', 'Hamilton', '1985-01-07', 'Lewis', '$2a$10$EpyybZabF5N7YfgTS5J8Y.tHK4eF4bRa9Xpf1D0FLD0CZ9AFaNWTG', 'system_admin@gmail.com', 'ROLE_SYSTEM_ADMIN', null, 1, null, 1, null);
INSERT INTO user (id, name, surname, birthday, username, password, email, role, address_id, customer_id, warehouse_id, active, deleted_at) VALUES (67, 'Name', 'Surname', null, null, '$2a$10$EpyybZabF5N7YfgTS5J8Y.tHK4eF4bRa9Xpf1D0FLD0CZ9AFaNWTG', 'zazybo1.17@gmail.com', 'ROLE_ADMIN', null, 65, null, 1, null);
INSERT INTO user (id, name, surname, birthday, username, password, email, role, address_id, customer_id, warehouse_id, active, deleted_at) VALUES (68, 'Totto', 'Wolff', '1972-01-12', 'Totto', '$2a$10$EpyybZabF5N7YfgTS5J8Y.tHK4eF4bRa9Xpf1D0FLD0CZ9AFaNWTG', 'logist@gmail.com', 'ROLE_LOGISTICS_SPECIALIST', 104, 65, null, 1, null);
INSERT INTO user (id, name, surname, birthday, username, password, email, role, address_id, customer_id, warehouse_id, active, deleted_at) VALUES (69, 'Sebastian', 'Vettel', '1987-06-03', 'Sebastian', '$2a$10$EpyybZabF5N7YfgTS5J8Y.tHK4eF4bRa9Xpf1D0FLD0CZ9AFaNWTG', 'dispatcher@gmail.com', 'ROLE_DISPATCHER', 105, 65, 21, 1, null);
INSERT INTO user (id, name, surname, birthday, username, password, email, role, address_id, customer_id, warehouse_id, active, deleted_at) VALUES (70, 'Felipe', 'Massa', '1981-04-25', 'Felipe', '$2a$10$EpyybZabF5N7YfgTS5J8Y.tHK4eF4bRa9Xpf1D0FLD0CZ9AFaNWTG', 'driver@gmail.com', 'ROLE_DRIVER', 106, 65, null, 1, null);
INSERT INTO user (id, name, surname, birthday, username, password, email, role, address_id, customer_id, warehouse_id, active, deleted_at) VALUES (71, 'Kimi', 'Raikkonen', '1979-10-17', 'Kimi', '$2a$10$EpyybZabF5N7YfgTS5J8Y.tHK4eF4bRa9Xpf1D0FLD0CZ9AFaNWTG', 'driver_kimi@gmail.com', 'ROLE_DRIVER', 107, 65, null, 1, null);
INSERT INTO user (id, name, surname, birthday, username, password, email, role, address_id, customer_id, warehouse_id, active, deleted_at) VALUES (72, 'Christian', 'Horner', '1973-11-16', 'Edward ', '$2a$10$EpyybZabF5N7YfgTS5J8Y.tHK4eF4bRa9Xpf1D0FLD0CZ9AFaNWTG', 'logist_chris@gmail.com', 'ROLE_LOGISTICS_SPECIALIST', 108, 65, null, 1, null);
INSERT INTO user (id, name, surname, birthday, username, password, email, role, address_id, customer_id, warehouse_id, active, deleted_at) VALUES (73, 'Esteban', 'Ocon', '1996-09-17', 'Esteban', '$2a$10$EpyybZabF5N7YfgTS5J8Y.tHK4eF4bRa9Xpf1D0FLD0CZ9AFaNWTG', 'dispatcher_oko@gmail.com', 'ROLE_DISPATCHER', null, 65, 22, 1, null);
INSERT INTO user (id, name, surname, birthday, username, password, email, role, address_id, customer_id, warehouse_id, active, deleted_at) VALUES (74, 'Daniel', 'Ricciardo', '1989-07-01', 'Daniel', '$2a$10$EpyybZabF5N7YfgTS5J8Y.tHK4eF4bRa9Xpf1D0FLD0CZ9AFaNWTG', 'dispatcher-ric@gmail.com', 'ROLE_DISPATCHER', 114, 65, 23, 1, null);
INSERT INTO user (id, name, surname, birthday, username, password, email, role, address_id, customer_id, warehouse_id, active, deleted_at) VALUES (75, 'Valtteri', 'Bottas', '1989-08-28', 'Valtteri', '$2a$10$EpyybZabF5N7YfgTS5J8Y.tHK4eF4bRa9Xpf1D0FLD0CZ9AFaNWTG', 'director@gmail.com', 'ROLE_DIRECTOR', 119, 65, null, 1, null);
INSERT INTO user (id, name, surname, birthday, username, password, email, role, address_id, customer_id, warehouse_id, active, deleted_at) VALUES (76, 'Brendon', 'Dirk', '2011-01-10', 'brendon_dirk', '$2a$10$EpyybZabF5N7YfgTS5J8Y.tHK4eF4bRa9Xpf1D0FLD0CZ9AFaNWTG', 'disp_dirk@gmail.com', 'ROLE_DISPATCHER', 123, 65, 32, 1, null);
INSERT INTO user (id, name, surname, birthday, username, password, email, role, address_id, customer_id, warehouse_id, active, deleted_at) VALUES (77, 'Merry', 'Keri', '2008-01-01', 'merry_keri', '$2a$10$EpyybZabF5N7YfgTS5J8Y.tHK4eF4bRa9Xpf1D0FLD0CZ9AFaNWTG', 'disp_merry@gmail.com', 'ROLE_DISPATCHER', 124, 65, 31, 1, null);
INSERT INTO user (id, name, surname, birthday, username, password, email, role, address_id, customer_id, warehouse_id, active, deleted_at) VALUES (78, 'Faustino', 'Marcellino', '2004-12-28', 'marcellino', '$2a$10$EpyybZabF5N7YfgTS5J8Y.tHK4eF4bRa9Xpf1D0FLD0CZ9AFaNWTG', 'disp_faustino@gmail.com', 'ROLE_DISPATCHER', 125, 65, 31, 1, null);
INSERT INTO user (id, name, surname, birthday, username, password, email, role, address_id, customer_id, warehouse_id, active, deleted_at) VALUES (79, 'Paolino', 'Rosella', '2001-01-31', 'paolina_rosella', '$2a$10$EpyybZabF5N7YfgTS5J8Y.tHK4eF4bRa9Xpf1D0FLD0CZ9AFaNWTG', 'disp_paolo@gmail.com', 'ROLE_DISPATCHER', 126, 65, 45, 1, null);
INSERT INTO user (id, name, surname, birthday, username, password, email, role, address_id, customer_id, warehouse_id, active, deleted_at) VALUES (80, 'Leonardo', 'Carmen', '2002-01-01', 'leo', '$2a$10$EpyybZabF5N7YfgTS5J8Y.tHK4eF4bRa9Xpf1D0FLD0CZ9AFaNWTG', 'disp_leo@gmail.com', 'ROLE_DISPATCHER', 127, 65, 30, 1, null);
INSERT INTO user (id, name, surname, birthday, username, password, email, role, address_id, customer_id, warehouse_id, active, deleted_at) VALUES (81, 'Roman', 'Gro', '2003-01-28', 'roman_gro', '$2a$10$EpyybZabF5N7YfgTS5J8Y.tHK4eF4bRa9Xpf1D0FLD0CZ9AFaNWTG', 'disp_gro@gmail.com', 'ROLE_DISPATCHER', 154, 65, 46, 1, null);
INSERT INTO user (id, name, surname, birthday, username, password, email, role, address_id, customer_id, warehouse_id, active, deleted_at) VALUES (82, 'Nicholas', 'Latifi', '1995-06-29', 'nicholas', '$2a$10$EpyybZabF5N7YfgTS5J8Y.tHK4eF4bRa9Xpf1D0FLD0CZ9AFaNWTG', 'driver_lat@gmail.com', 'ROLE_DRIVER', 156, 65, null, 0, null);
INSERT INTO user (id, name, surname, birthday, username, password, email, role, address_id, customer_id, warehouse_id, active, deleted_at) VALUES (83, 'Charles', 'Leclerc', '1997-10-16', 'leclerc', '$2a$10$EpyybZabF5N7YfgTS5J8Y.tHK4eF4bRa9Xpf1D0FLD0CZ9AFaNWTG', 'driver_lec@gmail.com', 'ROLE_DRIVER', 157, 65, null, 1, null);
INSERT INTO user (id, name, surname, birthday, username, password, email, role, address_id, customer_id, warehouse_id, active, deleted_at) VALUES (84, 'Sergio', 'Perez', '1990-01-26', 'perez', '$2a$10$EpyybZabF5N7YfgTS5J8Y.tHK4eF4bRa9Xpf1D0FLD0CZ9AFaNWTG', 'driver_perez@gmail.com', 'ROLE_DRIVER', 158, 65, null, 1, null);
INSERT INTO user (id, name, surname, birthday, username, password, email, role, address_id, customer_id, warehouse_id, active, deleted_at) VALUES (85, 'Lance', 'Stroll', '1998-10-29', 'l_stroll', '$2a$10$EpyybZabF5N7YfgTS5J8Y.tHK4eF4bRa9Xpf1D0FLD0CZ9AFaNWTG', 'logist_lan@gmail.com', 'ROLE_LOGISTICS_SPECIALIST', 159, 65, null, 1, null);
INSERT INTO user (id, name, surname, birthday, username, password, email, role, address_id, customer_id, warehouse_id, active, deleted_at) VALUES (86, 'Kevin', 'Magnussen', '1992-10-05', 'key-mag', '$2a$10$EpyybZabF5N7YfgTS5J8Y.tHK4eF4bRa9Xpf1D0FLD0CZ9AFaNWTG', 'disp_key@gmail.com', 'ROLE_DISPATCHER', 160, 65, null, 0, null);
INSERT INTO user (id, name, surname, birthday, username, password, email, role, address_id, customer_id, warehouse_id, active, deleted_at) VALUES (87, 'Alex', 'Albon', '1996-03-23', 'alex_albon', '$2a$10$EpyybZabF5N7YfgTS5J8Y.tHK4eF4bRa9Xpf1D0FLD0CZ9AFaNWTG', 'driver_alex@gmail.com', 'ROLE_DRIVER', 161, 65, null, 1, null);
INSERT INTO user (id, name, surname, birthday, username, password, email, role, address_id, customer_id, warehouse_id, active, deleted_at) VALUES (88, 'Ben', 'Brown', null, null, '$2a$10$KtevxZQxAi9WTt/gjlvQwek6PwaQJZeP60drDa68TyJJW8BTQRCEa', 'zrc@gmail.com', 'ROLE_ADMIN', null, 66, null, 0, null);
INSERT INTO user (id, name, surname, birthday, username, password, email, role, address_id, customer_id, warehouse_id, active, deleted_at) VALUES (89, 'Ros', 'Geller', null, null, '$2a$10$EpyybZabF5N7YfgTS5J8Y.tHK4eF4bRa9Xpf1D0FLD0CZ9AFaNWTG', 'orange_snowflake@gmail.com', 'ROLE_ADMIN', null, 67, null, 1, null);
INSERT INTO user (id, name, surname, birthday, username, password, email, role, address_id, customer_id, warehouse_id, active, deleted_at) VALUES (90, 'Monica', 'Geller', '2003-12-12', null, '$2a$10$QIBZDV/e1OuzkrebAzaYEOcAfABUCvQta6PpGwAyadLhgr0Nlf15S', 'teacup@gmail.com', 'ROLE_ADMIN', null, 68, null, 1, null);
INSERT INTO user (id, name, surname, birthday, username, password, email, role, address_id, customer_id, warehouse_id, active, deleted_at) VALUES (91, 'Sam', 'Friman', null, null, '$2a$10$/tPUW6JqGhISvxC2e69jEObFKM1OFjC66tYqi/.6jF/LYerDwdAxu', 'zincorp@gmail.com', 'ROLE_ADMIN', null, 69, null, 0, null);
INSERT INTO user (id, name, surname, birthday, username, password, email, role, address_id, customer_id, warehouse_id, active, deleted_at) VALUES (92, 'Bob', 'Slow', '2002-12-14', null, '$2a$10$1iOmpAnqIoFksVGhU0i6uuNjOMyeQEC7eVAkfgcko9QjxC2D5B1hS', 'plc@gmail.com', 'ROLE_ADMIN', null, 70, null, 1, null);
INSERT INTO user (id, name, surname, birthday, username, password, email, role, address_id, customer_id, warehouse_id, active, deleted_at) VALUES (93, 'Name', 'Surname', null, null, '$2a$10$6bJWkwA6l05512ApuxcAlOxdn0OYuDt1osWzi44xyYjCDsDLfboJS', 'bitter_ch@gmail.com', 'ROLE_ADMIN', null, 71, null, 0, null);
INSERT INTO user (id, name, surname, birthday, username, password, email, role, address_id, customer_id, warehouse_id, active, deleted_at) VALUES (94, 'Den', 'Liman', null, null, '$2a$10$9G67U3it.X6Ei2iwkr92L.O3os6hMx3OxEO3iIXEJ2QQ4WccuUiFS', 'bun@gmail.com', 'ROLE_ADMIN', null, 72, null, 0, null);
INSERT INTO user (id, name, surname, birthday, username, password, email, role, address_id, customer_id, warehouse_id, active, deleted_at) VALUES (95, 'Anna', 'Krow', '1987-08-05', null, '$2a$10$ufcugjXtgHjW/Be3ZBO52ux0e.2HlfU0AYDLxojoT9Pi9/iiibOBW', 'lh_power@gmail.com', 'ROLE_ADMIN', null, 73, null, 1, null);
INSERT INTO user (id, name, surname, birthday, username, password, email, role, address_id, customer_id, warehouse_id, active, deleted_at) VALUES (96, 'Name', 'Surname', null, null, '$2a$10$oUBBazSTxH2itXWqcHC86uJo2xkPI96D0QhmjWWRYYyJxc4I7ssqK', 'hammerLH@gmail.com', 'ROLE_ADMIN', null, 74, null, 1, null);
INSERT INTO car (id, number, total_capacity, current_capacity, customer_id, address_id, deleted_at, is_on_the_way) VALUES (101, '1510ZA', 150000, 150000, 65, 120, null, false);
INSERT INTO car (id, number, total_capacity, current_capacity, customer_id, address_id, deleted_at, is_on_the_way) VALUES (102, '9019AZ', 200000, 200000, 65, 110, null, false);
INSERT INTO car (id, number, total_capacity, current_capacity, customer_id, address_id, deleted_at, is_on_the_way) VALUES (103, '1555IA', 550000, 550000, 65, 111, null, false);
INSERT INTO car (id, number, total_capacity, current_capacity, customer_id, address_id, deleted_at, is_on_the_way) VALUES (104, '7500SV', 180000, 180000, 65, 143, null, false);
INSERT INTO car (id, number, total_capacity, current_capacity, customer_id, address_id, deleted_at, is_on_the_way) VALUES (105, '1810AP', 190000, 190000, 65, 144, null, false);
INSERT INTO car (id, number, total_capacity, current_capacity, customer_id, address_id, deleted_at, is_on_the_way) VALUES (106, '1210', 180000, 180000, 65, 145, null, false);
INSERT INTO car (id, number, total_capacity, current_capacity, customer_id, address_id, deleted_at, is_on_the_way) VALUES (107, '9999ZZ', 190000, 190000, 65, 146, null, false);
INSERT INTO car (id, number, total_capacity, current_capacity, customer_id, address_id, deleted_at, is_on_the_way) VALUES (108, '1011PI', 250, 250, 65, 147, null, false);
INSERT INTO car (id, number, total_capacity, current_capacity, customer_id, address_id, deleted_at, is_on_the_way) VALUES (109, '5555PP', 680, 680, 65, 148, null, false);
INSERT INTO car (id, number, total_capacity, current_capacity, customer_id, address_id, deleted_at, is_on_the_way) VALUES (110, '3101NY', 80741, 80741, 65, 149, null, false);
INSERT INTO car (id, number, total_capacity, current_capacity, customer_id, address_id, deleted_at, is_on_the_way) VALUES (111, '1234AB', 1507, 1507, 65, 150, null, false);
INSERT INTO car (id, number, total_capacity, current_capacity, customer_id, address_id, deleted_at, is_on_the_way) VALUES (112, '0101OI', 1500, 1500, 65, 151, null, false);
INSERT INTO car (id, number, total_capacity, current_capacity, customer_id, address_id, deleted_at, is_on_the_way) VALUES (113, '7894WQ', 150000, 150000, 65, 152, null, false);
INSERT INTO route (id) VALUES (1);
INSERT INTO route (id) VALUES (2);
INSERT INTO route (id) VALUES (3);
INSERT INTO waybill (id, number, registration_date, last_updated, waybill_status, source_location_warehouse_id, created_by_users_id, last_updated_by_users_id, car_id, car_driver_id, customer_id, route_id, delivery_start) VALUES (21, 'WB-1', '2020-12-13', '2020-12-13', 'FINISHED', 21, 68, 68, 101, 70, 65, 1, '2020-12-13 17:40:10');
INSERT INTO waybill (id, number, registration_date, last_updated, waybill_status, source_location_warehouse_id, created_by_users_id, last_updated_by_users_id, car_id, car_driver_id, customer_id, route_id, delivery_start) VALUES (22, 'WB-2', '2020-12-13', '2020-12-13', 'READY', 21, 68, 68, 107, 83, 65, 2, null);
INSERT INTO waybill (id, number, registration_date, last_updated, waybill_status, source_location_warehouse_id, created_by_users_id, last_updated_by_users_id, car_id, car_driver_id, customer_id, route_id, delivery_start) VALUES (23, 'WB-3', '2020-12-13', '2020-12-13', 'READY', 21, 68, 68, 104, 71, 65, 3, null);
INSERT INTO application (id, number, registration_date, last_updated, source_location_warehouse_id, destination_location_warehouse_id, created_by_users_id, last_updated_by_users_id, application_status, waybill_id, deleted_at, customer_id, type) VALUES (101, 'SUP-1', '2020-12-11', '2020-12-12', 24, 21, 69, 69, 'FINISHED_PROCESSING', null, null, 65, 'SUPPLY');
INSERT INTO application (id, number, registration_date, last_updated, source_location_warehouse_id, destination_location_warehouse_id, created_by_users_id, last_updated_by_users_id, application_status, waybill_id, deleted_at, customer_id, type) VALUES (102, 'SUP-2', '2020-12-11', '2020-12-12', 25, 22, 69, 69, 'FINISHED_PROCESSING', null, null, 65, 'SUPPLY');
INSERT INTO application (id, number, registration_date, last_updated, source_location_warehouse_id, destination_location_warehouse_id, created_by_users_id, last_updated_by_users_id, application_status, waybill_id, deleted_at, customer_id, type) VALUES (103, 'SUP-3', '2020-12-11', '2020-12-11', 24, 21, 69, 69, 'FINISHED_PROCESSING', null, null, 65, 'SUPPLY');
INSERT INTO application (id, number, registration_date, last_updated, source_location_warehouse_id, destination_location_warehouse_id, created_by_users_id, last_updated_by_users_id, application_status, waybill_id, deleted_at, customer_id, type) VALUES (104, 'SUP-4', '2020-12-11', '2020-12-11', 26, 21, 69, 69, 'FINISHED_PROCESSING', null, null, 65, 'SUPPLY');
INSERT INTO application (id, number, registration_date, last_updated, source_location_warehouse_id, destination_location_warehouse_id, created_by_users_id, last_updated_by_users_id, application_status, waybill_id, deleted_at, customer_id, type) VALUES (105, 'SUP-5', '2020-12-11', '2020-12-11', 24, 21, 69, 69, 'OPEN', null, null, 65, 'SUPPLY');
INSERT INTO application (id, number, registration_date, last_updated, source_location_warehouse_id, destination_location_warehouse_id, created_by_users_id, last_updated_by_users_id, application_status, waybill_id, deleted_at, customer_id, type) VALUES (106, 'SUP-6', '2020-12-11', '2020-12-11', 25, 21, 69, 69, 'OPEN', null, null, 65, 'SUPPLY');
INSERT INTO application (id, number, registration_date, last_updated, source_location_warehouse_id, destination_location_warehouse_id, created_by_users_id, last_updated_by_users_id, application_status, waybill_id, deleted_at, customer_id, type) VALUES (107, 'SHIP-1', '2020-12-12', '2020-12-12', 21, 27, 69, 69, 'FINISHED_PROCESSING', 21, null, 65, 'TRAFFIC');
INSERT INTO application (id, number, registration_date, last_updated, source_location_warehouse_id, destination_location_warehouse_id, created_by_users_id, last_updated_by_users_id, application_status, waybill_id, deleted_at, customer_id, type) VALUES (108, 'SHIP-2', '2020-12-12', '2020-12-12', 21, 28, 69, 69, 'STARTED_PROCESSING', 22, null, 65, 'TRAFFIC');
INSERT INTO application (id, number, registration_date, last_updated, source_location_warehouse_id, destination_location_warehouse_id, created_by_users_id, last_updated_by_users_id, application_status, waybill_id, deleted_at, customer_id, type) VALUES (109, 'SHIP-3', '2020-12-12', '2020-12-12', 21, 29, 69, 69, 'FINISHED_PROCESSING', 21, null, 65, 'TRAFFIC');
INSERT INTO application (id, number, registration_date, last_updated, source_location_warehouse_id, destination_location_warehouse_id, created_by_users_id, last_updated_by_users_id, application_status, waybill_id, deleted_at, customer_id, type) VALUES (110, 'SUP-1-1', '2020-12-13', '2020-12-13', 26, 21, 69, 69, 'FINISHED_PROCESSING', null, null, 65, 'SUPPLY');
INSERT INTO application (id, number, registration_date, last_updated, source_location_warehouse_id, destination_location_warehouse_id, created_by_users_id, last_updated_by_users_id, application_status, waybill_id, deleted_at, customer_id, type) VALUES (111, 'SUP-1-2', '2020-12-13', '2020-12-13', 33, 21, 69, 69, 'FINISHED_PROCESSING', null, null, 65, 'SUPPLY');
INSERT INTO application (id, number, registration_date, last_updated, source_location_warehouse_id, destination_location_warehouse_id, created_by_users_id, last_updated_by_users_id, application_status, waybill_id, deleted_at, customer_id, type) VALUES (112, 'SUP-1-3', '2020-12-13', '2020-12-13', 34, 22, 69, 69, 'FINISHED_PROCESSING', null, null, 65, 'SUPPLY');
INSERT INTO application (id, number, registration_date, last_updated, source_location_warehouse_id, destination_location_warehouse_id, created_by_users_id, last_updated_by_users_id, application_status, waybill_id, deleted_at, customer_id, type) VALUES (113, 'SUP-1-4', '2020-12-13', '2020-12-13', 26, 23, 69, 69, 'FINISHED_PROCESSING', null, null, 65, 'SUPPLY');
INSERT INTO application (id, number, registration_date, last_updated, source_location_warehouse_id, destination_location_warehouse_id, created_by_users_id, last_updated_by_users_id, application_status, waybill_id, deleted_at, customer_id, type) VALUES (114, 'SUP-1-5', '2020-12-13', '2020-12-13', 26, 23, 74, 74, 'FINISHED_PROCESSING', null, null, 65, 'SUPPLY');
INSERT INTO application (id, number, registration_date, last_updated, source_location_warehouse_id, destination_location_warehouse_id, created_by_users_id, last_updated_by_users_id, application_status, waybill_id, deleted_at, customer_id, type) VALUES (115, 'SUP-1-6', '2020-12-13', '2020-12-13', 25, 23, 74, 74, 'OPEN', null, null, 65, 'SUPPLY');
INSERT INTO application (id, number, registration_date, last_updated, source_location_warehouse_id, destination_location_warehouse_id, created_by_users_id, last_updated_by_users_id, application_status, waybill_id, deleted_at, customer_id, type) VALUES (116, 'SUP-1-7', '2020-12-13', '2020-12-13', 33, 23, 74, 74, 'OPEN', null, null, 65, 'SUPPLY');
INSERT INTO application (id, number, registration_date, last_updated, source_location_warehouse_id, destination_location_warehouse_id, created_by_users_id, last_updated_by_users_id, application_status, waybill_id, deleted_at, customer_id, type) VALUES (117, 'SUP-1-8', '2020-12-13', '2020-12-13', 34, 23, 74, 74, 'FINISHED_PROCESSING', null, null, 65, 'SUPPLY');
INSERT INTO application (id, number, registration_date, last_updated, source_location_warehouse_id, destination_location_warehouse_id, created_by_users_id, last_updated_by_users_id, application_status, waybill_id, deleted_at, customer_id, type) VALUES (118, 'SUP-1-9', '2020-12-13', '2020-12-13', 26, 23, 74, 74, 'FINISHED_PROCESSING', null, null, 65, 'SUPPLY');
INSERT INTO application (id, number, registration_date, last_updated, source_location_warehouse_id, destination_location_warehouse_id, created_by_users_id, last_updated_by_users_id, application_status, waybill_id, deleted_at, customer_id, type) VALUES (119, 'SUP-1-10', '2020-12-13', '2020-12-13', 24, 23, 74, 74, 'OPEN', null, null, 65, 'SUPPLY');
INSERT INTO application (id, number, registration_date, last_updated, source_location_warehouse_id, destination_location_warehouse_id, created_by_users_id, last_updated_by_users_id, application_status, waybill_id, deleted_at, customer_id, type) VALUES (120, 'SHIP-1-1', '2020-12-13', '2020-12-13', 22, 41, 69, 69, 'OPEN', null, null, 65, 'TRAFFIC');
INSERT INTO application (id, number, registration_date, last_updated, source_location_warehouse_id, destination_location_warehouse_id, created_by_users_id, last_updated_by_users_id, application_status, waybill_id, deleted_at, customer_id, type) VALUES (121, 'SHIP-1-2', '2020-12-13', '2020-12-13', 21, 40, 69, 69, 'STARTED_PROCESSING', 23, null, 65, 'TRAFFIC');
INSERT INTO application (id, number, registration_date, last_updated, source_location_warehouse_id, destination_location_warehouse_id, created_by_users_id, last_updated_by_users_id, application_status, waybill_id, deleted_at, customer_id, type) VALUES (122, 'SHIP-1-5', '2020-12-13', '2020-12-13', 21, 37, 69, 69, 'OPEN', null, null, 65, 'TRAFFIC');
INSERT INTO application (id, number, registration_date, last_updated, source_location_warehouse_id, destination_location_warehouse_id, created_by_users_id, last_updated_by_users_id, application_status, waybill_id, deleted_at, customer_id, type) VALUES (123, 'SHIP-1-7', '2020-12-13', '2020-12-13', 21, 39, 69, 69, 'OPEN', 22, null, 65, 'TRAFFIC');
INSERT INTO application (id, number, registration_date, last_updated, source_location_warehouse_id, destination_location_warehouse_id, created_by_users_id, last_updated_by_users_id, application_status, waybill_id, deleted_at, customer_id, type) VALUES (124, 'SHIP-1-8', '2020-12-13', '2020-12-13', 21, 44, 69, 69, 'OPEN', null, null, 65, 'TRAFFIC');
INSERT INTO application (id, number, registration_date, last_updated, source_location_warehouse_id, destination_location_warehouse_id, created_by_users_id, last_updated_by_users_id, application_status, waybill_id, deleted_at, customer_id, type) VALUES (125, 'SHIP-1-11', '2020-12-13', '2020-12-13', 21, 35, 69, 69, 'OPEN', null, null, 65, 'TRAFFIC');
INSERT INTO application (id, number, registration_date, last_updated, source_location_warehouse_id, destination_location_warehouse_id, created_by_users_id, last_updated_by_users_id, application_status, waybill_id, deleted_at, customer_id, type) VALUES (126, 'SHIP-1-15', '2020-12-13', '2020-12-13', 21, 40, 69, 69, 'OPEN', null, null, 65, 'TRAFFIC');
INSERT INTO application (id, number, registration_date, last_updated, source_location_warehouse_id, destination_location_warehouse_id, created_by_users_id, last_updated_by_users_id, application_status, waybill_id, deleted_at, customer_id, type) VALUES (127, 'SHIP-1-17', '2020-12-13', '2020-12-13', 21, 39, 69, 69, 'OPEN', null, null, 65, 'TRAFFIC');
INSERT INTO application (id, number, registration_date, last_updated, source_location_warehouse_id, destination_location_warehouse_id, created_by_users_id, last_updated_by_users_id, application_status, waybill_id, deleted_at, customer_id, type) VALUES (128, 'SHIP-1-21', '2020-12-13', '2020-12-13', 21, 41, 69, 69, 'STARTED_PROCESSING', 23, null, 65, 'TRAFFIC');
INSERT INTO application (id, number, registration_date, last_updated, source_location_warehouse_id, destination_location_warehouse_id, created_by_users_id, last_updated_by_users_id, application_status, waybill_id, deleted_at, customer_id, type) VALUES (129, 'SUP-2-1', '2020-12-13', '2020-12-13', 26, 21, 69, 69, 'OPEN', null, null, 65, 'SUPPLY');
INSERT INTO application (id, number, registration_date, last_updated, source_location_warehouse_id, destination_location_warehouse_id, created_by_users_id, last_updated_by_users_id, application_status, waybill_id, deleted_at, customer_id, type) VALUES (130, 'SHIP-2-1', '2020-12-13', '2020-12-13', 21, 43, 69, 69, 'OPEN', null, null, 65, 'TRAFFIC');
INSERT INTO application (id, number, registration_date, last_updated, source_location_warehouse_id, destination_location_warehouse_id, created_by_users_id, last_updated_by_users_id, application_status, waybill_id, deleted_at, customer_id, type) VALUES (131, 'SUP-2-2', '2020-12-13', '2020-12-13', 26, 21, 69, 69, 'OPEN', null, null, 65, 'SUPPLY');
INSERT INTO category (id, category, tax_rate, deleted_at, customer_id) VALUES (21, 'Bread', 0.001, null, 65);
INSERT INTO category (id, category, tax_rate, deleted_at, customer_id) VALUES (22, 'Milk', 0.003, null, 65);
INSERT INTO category (id, category, tax_rate, deleted_at, customer_id) VALUES (23, 'Sugar', 0.001, null, 65);
INSERT INTO category (id, category, tax_rate, deleted_at, customer_id) VALUES (24, 'Chocolate', 0.007, null, 65);
INSERT INTO category (id, category, tax_rate, deleted_at, customer_id) VALUES (25, 'Nuts', 0.001, null, 65);
INSERT INTO category (id, category, tax_rate, deleted_at, customer_id) VALUES (26, '小offee', 0.003, null, 65);
INSERT INTO category (id, category, tax_rate, deleted_at, customer_id) VALUES (27, 'Water', 0.002, null, 65);
INSERT INTO category (id, category, tax_rate, deleted_at, customer_id) VALUES (28, 'Wine', 0.007, null, 65);
INSERT INTO category (id, category, tax_rate, deleted_at, customer_id) VALUES (29, 'Flour', 0.004, null, 65);
INSERT INTO category (id, category, tax_rate, deleted_at, customer_id) VALUES (30, 'Oil', 0.004, null, 65);
INSERT INTO category (id, category, tax_rate, deleted_at, customer_id) VALUES (31, 'Tea', 0.003, null, 65);
INSERT INTO category (id, category, tax_rate, deleted_at, customer_id) VALUES (32, 'Fish', 0.007, null, 65);
INSERT INTO category (id, category, tax_rate, deleted_at, customer_id) VALUES (33, '小heese ', 0.003, null, 65);
INSERT INTO category (id, category, tax_rate, deleted_at, customer_id) VALUES (34, 'Cookies', 0.004, null, 65);
INSERT INTO category (id, category, tax_rate, deleted_at, customer_id) VALUES (35, 'Bakery products', 0.005, null, 65);
INSERT INTO category (id, category, tax_rate, deleted_at, customer_id) VALUES (36, 'Pasta', 0.002, null, 65);
INSERT INTO category (id, category, tax_rate, deleted_at, customer_id) VALUES (37, 'Eggs', 0.005, null, 65);
INSERT INTO category (id, category, tax_rate, deleted_at, customer_id) VALUES (38, ' Vegetables', 0.004, null, 65);
INSERT INTO category (id, category, tax_rate, deleted_at, customer_id) VALUES (39, 'Fruits', 0.005, null, 65);
INSERT INTO category (id, category, tax_rate, deleted_at, customer_id) VALUES (40, 'Meat', 0.004, null, 65);
INSERT INTO category (id, category, tax_rate, deleted_at, customer_id) VALUES (41, 'Yogurt ', 0.004, null, 65);
INSERT INTO item (id, upc, label, units, category_id, deleted_at, customer_id) VALUES (101, '111321', 'Coconut milk', 10, 22, null, 65);
INSERT INTO item (id, upc, label, units, category_id, deleted_at, customer_id) VALUES (102, '222321', 'Almond milk', 10, 22, null, 65);
INSERT INTO item (id, upc, label, units, category_id, deleted_at, customer_id) VALUES (103, '333321', 'Organic milk', 11, 22, null, 65);
INSERT INTO item (id, upc, label, units, category_id, deleted_at, customer_id) VALUES (104, '444321', 'Brown sugar', 14, 23, null, 65);
INSERT INTO item (id, upc, label, units, category_id, deleted_at, customer_id) VALUES (105, '555321', 'Beet sugar', 14, 23, null, 65);
INSERT INTO item (id, upc, label, units, category_id, deleted_at, customer_id) VALUES (106, '666321', '小ane sugar', 15, 23, null, 65);
INSERT INTO item (id, upc, label, units, category_id, deleted_at, customer_id) VALUES (107, '777321', '小arrot bread', 20, 21, null, 65);
INSERT INTO item (id, upc, label, units, category_id, deleted_at, customer_id) VALUES (108, '888321', 'Whole wheat bread', 19, 21, null, 65);
INSERT INTO item (id, upc, label, units, category_id, deleted_at, customer_id) VALUES (109, '123321', 'Bread with cereals', 21, 21, null, 65);
INSERT INTO item (id, upc, label, units, category_id, deleted_at, customer_id) VALUES (110, '147321', 'Milk chocolate Ritter', 9, 24, null, 65);
INSERT INTO item (id, upc, label, units, category_id, deleted_at, customer_id) VALUES (111, '789456', 'Bitter chocolate', 9, 24, null, 65);
INSERT INTO item (id, upc, label, units, category_id, deleted_at, customer_id) VALUES (112, '85296', 'Chocolate with coconut', 10, 24, null, 65);
INSERT INTO item (id, upc, label, units, category_id, deleted_at, customer_id) VALUES (113, '011123', 'Bagel', 7, 35, null, 65);
INSERT INTO item (id, upc, label, units, category_id, deleted_at, customer_id) VALUES (114, '022332', 'Bun', 9, 35, null, 65);
INSERT INTO item (id, upc, label, units, category_id, deleted_at, customer_id) VALUES (115, '033312', 'Cheesecake', 10, 35, null, 65);
INSERT INTO item (id, upc, label, units, category_id, deleted_at, customer_id) VALUES (116, '044454', 'Cupcake', 8, 35, null, 65);
INSERT INTO item (id, upc, label, units, category_id, deleted_at, customer_id) VALUES (117, '055412', 'Flan', 10, 35, null, 65);
INSERT INTO item (id, upc, label, units, category_id, deleted_at, customer_id) VALUES (118, '077452', 'Oatmeal cookie', 6, 35, null, 65);
INSERT INTO item (id, upc, label, units, category_id, deleted_at, customer_id) VALUES (119, '077452', 'Strudel', 10, 35, null, 65);
INSERT INTO item (id, upc, label, units, category_id, deleted_at, customer_id) VALUES (120, '00111', 'Banana ', 7, 39, null, 65);
INSERT INTO item (id, upc, label, units, category_id, deleted_at, customer_id) VALUES (121, '07785', 'Grape', 11, 39, null, 65);
INSERT INTO item (id, upc, label, units, category_id, deleted_at, customer_id) VALUES (122, '00777', 'Lemon ', 7, 39, null, 65);
INSERT INTO items_in_application (id, amount, cost, application_id, item_id, accepted_at) VALUES (101, 300, 1.70, 101, 101, '2020-12-11');
INSERT INTO items_in_application (id, amount, cost, application_id, item_id, accepted_at) VALUES (102, 450, 2.10, 101, 103, '2020-12-11');
INSERT INTO items_in_application (id, amount, cost, application_id, item_id, accepted_at) VALUES (104, 500, 1.90, 101, 102, '2020-12-11');
INSERT INTO items_in_application (id, amount, cost, application_id, item_id, accepted_at) VALUES (105, 150, 1.70, 101, 106, '2020-12-11');
INSERT INTO items_in_application (id, amount, cost, application_id, item_id, accepted_at) VALUES (106, 700, 2.10, 102, 105, '2020-12-11');
INSERT INTO items_in_application (id, amount, cost, application_id, item_id, accepted_at) VALUES (107, 400, 1.70, 102, 102, '2020-12-11');
INSERT INTO items_in_application (id, amount, cost, application_id, item_id, accepted_at) VALUES (108, 150, 1.90, 102, 101, '2020-12-11');
INSERT INTO items_in_application (id, amount, cost, application_id, item_id, accepted_at) VALUES (109, 200, 1.80, 103, 103, '2020-12-11');
INSERT INTO items_in_application (id, amount, cost, application_id, item_id, accepted_at) VALUES (110, 180, 1.50, 103, 101, '2020-12-11');
INSERT INTO items_in_application (id, amount, cost, application_id, item_id, accepted_at) VALUES (111, 350, 2.50, 103, 105, '2020-12-11');
INSERT INTO items_in_application (id, amount, cost, application_id, item_id, accepted_at) VALUES (112, 800, 1.90, 104, 101, '2020-12-11');
INSERT INTO items_in_application (id, amount, cost, application_id, item_id, accepted_at) VALUES (113, 405, 1.10, 104, 108, '2020-12-11');
INSERT INTO items_in_application (id, amount, cost, application_id, item_id, accepted_at) VALUES (114, 800, 1.30, 104, 105, '2020-12-11');
INSERT INTO items_in_application (id, amount, cost, application_id, item_id, accepted_at) VALUES (115, 500, 2.10, 105, 106, null);
INSERT INTO items_in_application (id, amount, cost, application_id, item_id, accepted_at) VALUES (116, 350, 1.70, 105, 108, null);
INSERT INTO items_in_application (id, amount, cost, application_id, item_id, accepted_at) VALUES (117, 175, 0.90, 105, 103, null);
INSERT INTO items_in_application (id, amount, cost, application_id, item_id, accepted_at) VALUES (118, 150, 1.10, 105, 107, null);
INSERT INTO items_in_application (id, amount, cost, application_id, item_id, accepted_at) VALUES (119, 150, 1.70, 106, 101, null);
INSERT INTO items_in_application (id, amount, cost, application_id, item_id, accepted_at) VALUES (120, 850, 2.10, 106, 110, null);
INSERT INTO items_in_application (id, amount, cost, application_id, item_id, accepted_at) VALUES (121, 750, 1.20, 106, 111, null);
INSERT INTO items_in_application (id, amount, cost, application_id, item_id, accepted_at) VALUES (122, 170, 1.70, 101, 105, '2020-12-11');
INSERT INTO items_in_application (id, amount, cost, application_id, item_id, accepted_at) VALUES (123, 18, 2.11, 107, 105, null);
INSERT INTO items_in_application (id, amount, cost, application_id, item_id, accepted_at) VALUES (127, 25, 2.89, 107, 101, null);
INSERT INTO items_in_application (id, amount, cost, application_id, item_id, accepted_at) VALUES (128, 15, 2.89, 107, 102, null);
INSERT INTO items_in_application (id, amount, cost, application_id, item_id, accepted_at) VALUES (129, 19, 3.10, 107, 103, null);
INSERT INTO items_in_application (id, amount, cost, application_id, item_id, accepted_at) VALUES (130, 70, 6.40, 108, 103, null);
INSERT INTO items_in_application (id, amount, cost, application_id, item_id, accepted_at) VALUES (131, 35, 6.18, 108, 102, null);
INSERT INTO items_in_application (id, amount, cost, application_id, item_id, accepted_at) VALUES (132, 100, 6.18, 108, 101, null);
INSERT INTO items_in_application (id, amount, cost, application_id, item_id, accepted_at) VALUES (134, 15, 2.04, 109, 101, null);
INSERT INTO items_in_application (id, amount, cost, application_id, item_id, accepted_at) VALUES (135, 20, 2.04, 109, 102, null);
INSERT INTO items_in_application (id, amount, cost, application_id, item_id, accepted_at) VALUES (136, 25, 2.26, 109, 103, null);
INSERT INTO items_in_application (id, amount, cost, application_id, item_id, accepted_at) VALUES (137, 1400, 1.70, 110, 107, '2020-12-13');
INSERT INTO items_in_application (id, amount, cost, application_id, item_id, accepted_at) VALUES (138, 950, 1.60, 110, 114, '2020-12-13');
INSERT INTO items_in_application (id, amount, cost, application_id, item_id, accepted_at) VALUES (139, 970, 1.40, 110, 102, '2020-12-13');
INSERT INTO items_in_application (id, amount, cost, application_id, item_id, accepted_at) VALUES (140, 1500, 1.40, 110, 120, '2020-12-13');
INSERT INTO items_in_application (id, amount, cost, application_id, item_id, accepted_at) VALUES (141, 900, 1.70, 110, 101, '2020-12-13');
INSERT INTO items_in_application (id, amount, cost, application_id, item_id, accepted_at) VALUES (142, 170, 1.40, 111, 103, '2020-12-13');
INSERT INTO items_in_application (id, amount, cost, application_id, item_id, accepted_at) VALUES (143, 450, 1.40, 111, 101, '2020-12-13');
INSERT INTO items_in_application (id, amount, cost, application_id, item_id, accepted_at) VALUES (144, 1520, 1.90, 111, 120, '2020-12-13');
INSERT INTO items_in_application (id, amount, cost, application_id, item_id, accepted_at) VALUES (145, 180, 1.80, 111, 106, '2020-12-13');
INSERT INTO items_in_application (id, amount, cost, application_id, item_id, accepted_at) VALUES (146, 540, 1.80, 112, 120, '2020-12-13');
INSERT INTO items_in_application (id, amount, cost, application_id, item_id, accepted_at) VALUES (147, 950, 1.70, 112, 101, '2020-12-13');
INSERT INTO items_in_application (id, amount, cost, application_id, item_id, accepted_at) VALUES (148, 1500, 1.90, 112, 102, '2020-12-13');
INSERT INTO items_in_application (id, amount, cost, application_id, item_id, accepted_at) VALUES (149, 670, 0.90, 112, 122, '2020-12-13');
INSERT INTO items_in_application (id, amount, cost, application_id, item_id, accepted_at) VALUES (150, 950, 1.70, 113, 103, '2020-12-13');
INSERT INTO items_in_application (id, amount, cost, application_id, item_id, accepted_at) VALUES (151, 958, 1.70, 113, 106, '2020-12-13');
INSERT INTO items_in_application (id, amount, cost, application_id, item_id, accepted_at) VALUES (152, 740, 1.40, 113, 108, '2020-12-13');
INSERT INTO items_in_application (id, amount, cost, application_id, item_id, accepted_at) VALUES (153, 850, 1.40, 113, 120, '2020-12-13');
INSERT INTO items_in_application (id, amount, cost, application_id, item_id, accepted_at) VALUES (154, 950, 1.80, 113, 102, '2020-12-13');
INSERT INTO items_in_application (id, amount, cost, application_id, item_id, accepted_at) VALUES (155, 190, 1.70, 113, 101, '2020-12-13');
INSERT INTO items_in_application (id, amount, cost, application_id, item_id, accepted_at) VALUES (156, 1700, 1.40, 114, 101, '2020-12-13');
INSERT INTO items_in_application (id, amount, cost, application_id, item_id, accepted_at) VALUES (157, 3500, 1.70, 114, 102, '2020-12-13');
INSERT INTO items_in_application (id, amount, cost, application_id, item_id, accepted_at) VALUES (158, 1570, 1.80, 114, 103, '2020-12-13');
INSERT INTO items_in_application (id, amount, cost, application_id, item_id, accepted_at) VALUES (159, 1100, 1.10, 114, 120, '2020-12-13');
INSERT INTO items_in_application (id, amount, cost, application_id, item_id, accepted_at) VALUES (160, 190, 1.10, 115, 120, null);
INSERT INTO items_in_application (id, amount, cost, application_id, item_id, accepted_at) VALUES (161, 170, 1.40, 115, 101, null);
INSERT INTO items_in_application (id, amount, cost, application_id, item_id, accepted_at) VALUES (162, 250, 1.70, 115, 103, null);
INSERT INTO items_in_application (id, amount, cost, application_id, item_id, accepted_at) VALUES (163, 650, 1.70, 115, 108, null);
INSERT INTO items_in_application (id, amount, cost, application_id, item_id, accepted_at) VALUES (164, 540, 1.70, 116, 108, null);
INSERT INTO items_in_application (id, amount, cost, application_id, item_id, accepted_at) VALUES (165, 650, 0.90, 116, 105, null);
INSERT INTO items_in_application (id, amount, cost, application_id, item_id, accepted_at) VALUES (166, 410, 1.20, 116, 103, null);
INSERT INTO items_in_application (id, amount, cost, application_id, item_id, accepted_at) VALUES (167, 18500, 1.70, 117, 103, '2020-12-13');
INSERT INTO items_in_application (id, amount, cost, application_id, item_id, accepted_at) VALUES (168, 9500, 0.90, 117, 102, '2020-12-13');
INSERT INTO items_in_application (id, amount, cost, application_id, item_id, accepted_at) VALUES (169, 15000, 1.70, 117, 106, '2020-12-13');
INSERT INTO items_in_application (id, amount, cost, application_id, item_id, accepted_at) VALUES (170, 450, 2.40, 117, 117, '2020-12-13');
INSERT INTO items_in_application (id, amount, cost, application_id, item_id, accepted_at) VALUES (171, 500, 1.70, 117, 116, '2020-12-13');
INSERT INTO items_in_application (id, amount, cost, application_id, item_id, accepted_at) VALUES (172, 7500, 1.40, 117, 101, '2020-12-13');
INSERT INTO items_in_application (id, amount, cost, application_id, item_id, accepted_at) VALUES (173, 17000, 1.70, 117, 107, '2020-12-13');
INSERT INTO items_in_application (id, amount, cost, application_id, item_id, accepted_at) VALUES (174, 750, 1.20, 118, 108, '2020-12-13');
INSERT INTO items_in_application (id, amount, cost, application_id, item_id, accepted_at) VALUES (175, 1500, 1.70, 118, 120, '2020-12-13');
INSERT INTO items_in_application (id, amount, cost, application_id, item_id, accepted_at) VALUES (176, 4500, 1.10, 118, 101, '2020-12-13');
INSERT INTO items_in_application (id, amount, cost, application_id, item_id, accepted_at) VALUES (177, 1500, 1.00, 118, 106, '2020-12-13');
INSERT INTO items_in_application (id, amount, cost, application_id, item_id, accepted_at) VALUES (178, 750, 1.40, 119, 103, null);
INSERT INTO items_in_application (id, amount, cost, application_id, item_id, accepted_at) VALUES (179, 7500, 0.90, 119, 104, null);
INSERT INTO items_in_application (id, amount, cost, application_id, item_id, accepted_at) VALUES (180, 1450, 1.10, 119, 101, null);
INSERT INTO items_in_application (id, amount, cost, application_id, item_id, accepted_at) VALUES (181, 1500, 1.10, 119, 120, null);
INSERT INTO items_in_application (id, amount, cost, application_id, item_id, accepted_at) VALUES (182, 35000, 0.50, 119, 105, null);
INSERT INTO items_in_application (id, amount, cost, application_id, item_id, accepted_at) VALUES (184, 140, 2.07, 120, 102, null);
INSERT INTO items_in_application (id, amount, cost, application_id, item_id, accepted_at) VALUES (185, 150, 1.86, 120, 101, null);
INSERT INTO items_in_application (id, amount, cost, application_id, item_id, accepted_at) VALUES (187, 250, 1.84, 121, 107, null);
INSERT INTO items_in_application (id, amount, cost, application_id, item_id, accepted_at) VALUES (188, 180, 2.08, 121, 102, null);
INSERT INTO items_in_application (id, amount, cost, application_id, item_id, accepted_at) VALUES (189, 50, 2.29, 121, 103, null);
INSERT INTO items_in_application (id, amount, cost, application_id, item_id, accepted_at) VALUES (190, 250, 2.10, 121, 120, null);
INSERT INTO items_in_application (id, amount, cost, application_id, item_id, accepted_at) VALUES (191, 150, 1.19, 121, 108, null);
INSERT INTO items_in_application (id, amount, cost, application_id, item_id, accepted_at) VALUES (192, 320, 2.10, 122, 102, null);
INSERT INTO items_in_application (id, amount, cost, application_id, item_id, accepted_at) VALUES (193, 140, 2.10, 122, 101, null);
INSERT INTO items_in_application (id, amount, cost, application_id, item_id, accepted_at) VALUES (194, 120, 1.85, 122, 107, null);
INSERT INTO items_in_application (id, amount, cost, application_id, item_id, accepted_at) VALUES (195, 140, 1.94, 123, 106, null);
INSERT INTO items_in_application (id, amount, cost, application_id, item_id, accepted_at) VALUES (196, 150, 2.07, 123, 120, null);
INSERT INTO items_in_application (id, amount, cost, application_id, item_id, accepted_at) VALUES (197, 150, 1.75, 123, 114, null);
INSERT INTO items_in_application (id, amount, cost, application_id, item_id, accepted_at) VALUES (198, 50, 1.19, 123, 108, null);
INSERT INTO items_in_application (id, amount, cost, application_id, item_id, accepted_at) VALUES (199, 10, 1.84, 124, 107, null);
INSERT INTO items_in_application (id, amount, cost, application_id, item_id, accepted_at) VALUES (200, 10, 2.08, 124, 101, null);
INSERT INTO items_in_application (id, amount, cost, application_id, item_id, accepted_at) VALUES (201, 15, 2.08, 124, 102, null);
INSERT INTO items_in_application (id, amount, cost, application_id, item_id, accepted_at) VALUES (202, 10, 1.85, 125, 107, null);
INSERT INTO items_in_application (id, amount, cost, application_id, item_id, accepted_at) VALUES (203, 100, 2.31, 125, 103, null);
INSERT INTO items_in_application (id, amount, cost, application_id, item_id, accepted_at) VALUES (204, 30, 2.10, 125, 101, null);
INSERT INTO items_in_application (id, amount, cost, application_id, item_id, accepted_at) VALUES (205, 10, 2.08, 126, 101, null);
INSERT INTO items_in_application (id, amount, cost, application_id, item_id, accepted_at) VALUES (206, 15, 1.84, 126, 107, null);
INSERT INTO items_in_application (id, amount, cost, application_id, item_id, accepted_at) VALUES (207, 18, 2.06, 127, 102, null);
INSERT INTO items_in_application (id, amount, cost, application_id, item_id, accepted_at) VALUES (208, 25, 2.27, 127, 103, null);
INSERT INTO items_in_application (id, amount, cost, application_id, item_id, accepted_at) VALUES (209, 15, 2.06, 127, 101, null);
INSERT INTO items_in_application (id, amount, cost, application_id, item_id, accepted_at) VALUES (210, 10, 2.09, 128, 102, null);
INSERT INTO items_in_application (id, amount, cost, application_id, item_id, accepted_at) VALUES (211, 10, 1.84, 128, 107, null);
INSERT INTO items_in_application (id, amount, cost, application_id, item_id, accepted_at) VALUES (212, 15, 2.09, 128, 101, null);
INSERT INTO items_in_application (id, amount, cost, application_id, item_id, accepted_at) VALUES (213, 190, 2.50, 129, 103, null);
INSERT INTO items_in_application (id, amount, cost, application_id, item_id, accepted_at) VALUES (214, 1700, 1.50, 129, 102, null);
INSERT INTO items_in_application (id, amount, cost, application_id, item_id, accepted_at) VALUES (215, 1000, 1.40, 129, 101, null);
INSERT INTO items_in_application (id, amount, cost, application_id, item_id, accepted_at) VALUES (216, 15, 2.13, 130, 102, null);
INSERT INTO items_in_application (id, amount, cost, application_id, item_id, accepted_at) VALUES (217, 17, 1.86, 130, 107, null);
INSERT INTO items_in_application (id, amount, cost, application_id, item_id, accepted_at) VALUES (218, 10, 2.13, 130, 101, null);
INSERT INTO items_in_application (id, amount, cost, application_id, item_id, accepted_at) VALUES (219, 170, 1.20, 131, 102, null);
INSERT INTO items_in_application (id, amount, cost, application_id, item_id, accepted_at) VALUES (220, 150, 1.10, 131, 101, null);
INSERT INTO items_in_application (id, amount, cost, application_id, item_id, accepted_at) VALUES (221, 190, 1.40, 131, 107, null);
INSERT INTO items_in_warehouse (id, amount, item_id, warehouse_id, deleted_at, cost) VALUES (101, 2600, 101, 21, null, 1.90);
INSERT INTO items_in_warehouse (id, amount, item_id, warehouse_id, deleted_at, cost) VALUES (102, 1284, 105, 21, null, 2.50);
INSERT INTO items_in_warehouse (id, amount, item_id, warehouse_id, deleted_at, cost) VALUES (103, 662, 103, 21, null, 2.10);
INSERT INTO items_in_warehouse (id, amount, item_id, warehouse_id, deleted_at, cost) VALUES (104, 330, 106, 21, null, 1.80);
INSERT INTO items_in_warehouse (id, amount, item_id, warehouse_id, deleted_at, cost) VALUES (105, 1765, 102, 21, null, 1.90);
INSERT INTO items_in_warehouse (id, amount, item_id, warehouse_id, deleted_at, cost) VALUES (106, 700, 105, 22, null, 2.10);
INSERT INTO items_in_warehouse (id, amount, item_id, warehouse_id, deleted_at, cost) VALUES (107, 405, 108, 21, null, 1.10);
INSERT INTO items_in_warehouse (id, amount, item_id, warehouse_id, deleted_at, cost) VALUES (108, 950, 114, 21, null, 1.60);
INSERT INTO items_in_warehouse (id, amount, item_id, warehouse_id, deleted_at, cost) VALUES (109, 1400, 107, 21, null, 1.70);
INSERT INTO items_in_warehouse (id, amount, item_id, warehouse_id, deleted_at, cost) VALUES (110, 3020, 120, 21, null, 1.90);
INSERT INTO items_in_warehouse (id, amount, item_id, warehouse_id, deleted_at, cost) VALUES (111, 1500, 102, 22, null, 1.90);
INSERT INTO items_in_warehouse (id, amount, item_id, warehouse_id, deleted_at, cost) VALUES (112, 670, 122, 22, null, 0.90);
INSERT INTO items_in_warehouse (id, amount, item_id, warehouse_id, deleted_at, cost) VALUES (113, 540, 120, 22, null, 1.80);
INSERT INTO items_in_warehouse (id, amount, item_id, warehouse_id, deleted_at, cost) VALUES (114, 950, 101, 22, null, 1.70);
INSERT INTO items_in_warehouse (id, amount, item_id, warehouse_id, deleted_at, cost) VALUES (115, 13890, 101, 23, null, 1.70);
INSERT INTO items_in_warehouse (id, amount, item_id, warehouse_id, deleted_at, cost) VALUES (116, 21020, 103, 23, null, 1.80);
INSERT INTO items_in_warehouse (id, amount, item_id, warehouse_id, deleted_at, cost) VALUES (117, 13950, 102, 23, null, 1.80);
INSERT INTO items_in_warehouse (id, amount, item_id, warehouse_id, deleted_at, cost) VALUES (118, 17458, 106, 23, null, 1.70);
INSERT INTO items_in_warehouse (id, amount, item_id, warehouse_id, deleted_at, cost) VALUES (119, 1490, 108, 23, null, 1.40);
INSERT INTO items_in_warehouse (id, amount, item_id, warehouse_id, deleted_at, cost) VALUES (120, 3450, 120, 23, null, 1.70);
INSERT INTO items_in_warehouse (id, amount, item_id, warehouse_id, deleted_at, cost) VALUES (121, 450, 117, 23, null, 2.40);
INSERT INTO items_in_warehouse (id, amount, item_id, warehouse_id, deleted_at, cost) VALUES (122, 500, 116, 23, null, 1.70);
INSERT INTO items_in_warehouse (id, amount, item_id, warehouse_id, deleted_at, cost) VALUES (123, 17000, 107, 23, null, 1.70);
INSERT INTO tax (id, amount, name, state_id, percentage) VALUES (1, 1, 'tax-1', 4, 8.9);
INSERT INTO tax (id, amount, name, state_id, percentage) VALUES (2, 1, 'tax-2', 5, 7.9);
INSERT INTO tax (id, amount, name, state_id, percentage) VALUES (3, 1, 'tax-3', 6, 4.8);
INSERT INTO tax (id, amount, name, state_id, percentage) VALUES (4, 1, 'tax-4', 7, 6.9);
INSERT INTO tax (id, amount, name, state_id, percentage) VALUES (5, 1, 'tax-5', 8, 7.9);
INSERT INTO tax (id, amount, name, state_id, percentage) VALUES (6, 1, 'tax-6', 9, 5.8);
INSERT INTO tax (id, amount, name, state_id, percentage) VALUES (7, 1, 'tax-7', 10, 7.4);
INSERT INTO tax (id, amount, name, state_id, percentage) VALUES (8, 1, 'tax-8', 11, 6.9);
INSERT INTO tax (id, amount, name, state_id, percentage) VALUES (9, 1, 'tax-9', 12, 5.7);
INSERT INTO tax (id, amount, name, state_id, percentage) VALUES (10, 1, 'tax-10', 13, 6.8);
INSERT INTO tax (id, amount, name, state_id, percentage) VALUES (11, 1, 'tax-11', 14, 7.5);
INSERT INTO tax (id, amount, name, state_id, percentage) VALUES (12, 1, 'tax-12', 15, 9.7);
INSERT INTO tax (id, amount, name, state_id, percentage) VALUES (13, 1, 'tax-13', 16, 8.6);
INSERT INTO tax (id, amount, name, state_id, percentage) VALUES (14, 1, 'tax-14', 17, 8.5);
INSERT INTO tax (id, amount, name, state_id, percentage) VALUES (15, 1, 'tax-15', 18, 7.4);
INSERT INTO tax (id, amount, name, state_id, percentage) VALUES (16, 1, 'tax-16', 19, 6.8);
INSERT INTO tax (id, amount, name, state_id, percentage) VALUES (17, 1, 'tax-17', 20, 6.9);
INSERT INTO tax (id, amount, name, state_id, percentage) VALUES (18, 1, 'tax-18', 21, 7.1);
INSERT INTO tax (id, amount, name, state_id, percentage) VALUES (19, 1, 'tax-19', 22, 7.4);
INSERT INTO tax (id, amount, name, state_id, percentage) VALUES (20, 1, 'tax-20', 23, 7.5);
INSERT INTO tax (id, amount, name, state_id, percentage) VALUES (21, 1, 'tax-21', 24, 7.6);
INSERT INTO tax (id, amount, name, state_id, percentage) VALUES (22, 1, 'tax-22', 25, 7.9);
INSERT INTO tax (id, amount, name, state_id, percentage) VALUES (23, 1, 'tax-23', 26, 7.5);
INSERT INTO tax (id, amount, name, state_id, percentage) VALUES (24, 1, 'tax-24', 27, 8.9);
INSERT INTO tax (id, amount, name, state_id, percentage) VALUES (25, 1, 'tax-25', 28, 8.4);
INSERT INTO tax (id, amount, name, state_id, percentage) VALUES (26, 1, 'tax-26', 29, 8.6);
INSERT INTO tax (id, amount, name, state_id, percentage) VALUES (27, 1, 'tax-27', 30, 8.3);
INSERT INTO tax (id, amount, name, state_id, percentage) VALUES (28, 1, 'tax-28', 31, 7.9);
INSERT INTO tax (id, amount, name, state_id, percentage) VALUES (29, 1, 'tax-29', 32, 7.8);
INSERT INTO tax (id, amount, name, state_id, percentage) VALUES (30, 1, 'tax-30', 33, 8.7);
INSERT INTO tax (id, amount, name, state_id, percentage) VALUES (31, 1, 'tax-31', 34, 9.7);
INSERT INTO tax (id, amount, name, state_id, percentage) VALUES (32, 1, 'tax-32', 35, 8.7);
INSERT INTO tax (id, amount, name, state_id, percentage) VALUES (33, 1, 'tax-33', 36, 9.7);
INSERT INTO tax (id, amount, name, state_id, percentage) VALUES (34, 1, 'tax-34', 37, 8.7);
INSERT INTO tax (id, amount, name, state_id, percentage) VALUES (35, 1, 'tax-35', 38, 6.9);
INSERT INTO tax (id, amount, name, state_id, percentage) VALUES (36, 1, 'tax-36', 39, 6.7);
INSERT INTO tax (id, amount, name, state_id, percentage) VALUES (37, 1, 'tax-37', 40, 8.4);
INSERT INTO tax (id, amount, name, state_id, percentage) VALUES (38, 1, 'tax-38', 41, 8.3);
INSERT INTO tax (id, amount, name, state_id, percentage) VALUES (39, 1, 'tax-39', 42, 9.1);
INSERT INTO tax (id, amount, name, state_id, percentage) VALUES (40, 1, 'tax-40', 43, 7.5);
INSERT INTO tax (id, amount, name, state_id, percentage) VALUES (41, 1, 'tax-41', 44, 7.6);
INSERT INTO tax (id, amount, name, state_id, percentage) VALUES (42, 1, 'tax-42', 45, 7.4);
INSERT INTO tax (id, amount, name, state_id, percentage) VALUES (51, 1, 'tax-43', 46, 7.5);
INSERT INTO tax (id, amount, name, state_id, percentage) VALUES (52, 1, 'tax-44', 47, 5.8);
INSERT INTO tax (id, amount, name, state_id, percentage) VALUES (53, 1, 'tax-45', 48, 9.8);
INSERT INTO tax (id, amount, name, state_id, percentage) VALUES (54, 1, 'tax-46', 49, 6.3);
INSERT INTO tax (id, amount, name, state_id, percentage) VALUES (55, 1, 'tax-47', 50, 7.4);
INSERT INTO tax (id, amount, name, state_id, percentage) VALUES (56, 1, 'tax-48', 51, 8.5);
INSERT INTO tax (id, amount, name, state_id, percentage) VALUES (57, 1, 'tax-49', 52, 7.5);
INSERT INTO tax (id, amount, name, state_id, percentage) VALUES (58, 1, 'tax-50', 53, 7.4);
INSERT INTO waypoint (id, is_visited, address_id, priority, route_id) VALUES (1, true, 122, 1, 1);
INSERT INTO waypoint (id, is_visited, address_id, priority, route_id) VALUES (2, true, 120, 2, 1);
INSERT INTO waypoint (id, is_visited, address_id, priority, route_id) VALUES (3, false, 112, 0, 1);
INSERT INTO waypoint (id, is_visited, address_id, priority, route_id) VALUES (14, false, 121, 1, 2);
INSERT INTO waypoint (id, is_visited, address_id, priority, route_id) VALUES (15, false, 137, 2, 2);
INSERT INTO waypoint (id, is_visited, address_id, priority, route_id) VALUES (16, false, 112, 0, 2);
INSERT INTO waypoint (id, is_visited, address_id, priority, route_id) VALUES (17, false, 138, 1, 3);
INSERT INTO waypoint (id, is_visited, address_id, priority, route_id) VALUES (18, false, 139, 2, 3);
INSERT INTO waypoint (id, is_visited, address_id, priority, route_id) VALUES (19, false, 112, 0, 3);

